Year,Quarter,Month,Product,Region,Sales_Amount
2022,Q1,Month-1,Laptop,USA,16795
2022,Q1,Month-1,Laptop,UK,1860
2022,Q1,Month-1,Laptop,Germany,39158
2022,Q1,Month-1,Laptop,France,45732
2022,Q1,Month-1,Laptop,Japan,12284
2022,Q1,Month-1,Smartphone,USA,7265
2022,Q1,Month-1,Smartphone,UK,17850
2022,Q1,Month-1,Smartphone,Germany,38194
2022,Q1,Month-1,Smartphone,France,22962
2022,Q1,Month-1,Smartphone,Japan,48191
2022,Q1,Month-1,Tablet,USA,45131
2022,Q1,Month-1,Tablet,UK,17023
2022,Q1,Month-1,Tablet,Germany,42090
2022,Q1,Month-1,Tablet,France,2685
2022,Q1,Month-1,Tablet,Japan,1769
2022,Q1,Month-1,Headphones,USA,3433
2022,Q1,Month-1,Headphones,UK,6311
2022,Q1,Month-1,Headphones,Germany,38819
2022,Q1,Month-1,Headphones,France,40188
2022,Q1,Month-1,Headphones,Japan,18568
2022,Q1,Month-1,Smartwatch,USA,20769
2022,Q1,Month-1,Smartwatch,UK,29693
2022,Q1,Month-1,Smartwatch,Germany,7396
2022,Q1,Month-1,Smartwatch,France,28480
2022,Q1,Month-1,Smartwatch,Japan,42434
2022,Q1,Month-2,Laptop,USA,26658
2022,Q1,Month-2,Laptop,UK,19942
2022,Q1,Month-2,Laptop,Germany,19431
2022,Q1,Month-2,Laptop,France,3747
2022,Q1,Month-2,Laptop,Japan,1189
2022,Q1,Month-2,Smartphone,USA,20118
2022,Q1,Month-2,Smartphone,UK,36773
2022,Q1,Month-2,Smartphone,Germany,2899
2022,Q1,Month-2,Smartphone,France,2267
2022,Q1,Month-2,Smartphone,Japan,32551
2022,Q1,Month-2,Tablet,USA,12394
2022,Q1,Month-2,Tablet,UK,4556
2022,Q1,Month-2,Tablet,Germany,4890
2022,Q1,Month-2,Tablet,France,42606
2022,Q1,Month-2,Tablet,Japan,31740
2022,Q1,Month-2,Headphones,USA,15502
2022,Q1,Month-2,Headphones,UK,22777
2022,Q1,Month-2,Headphones,Germany,11627
2022,Q1,Month-2,Headphones,France,9792
2022,Q1,Month-2,Headphones,Japan,44323
2022,Q1,Month-2,Smartwatch,USA,44021
2022,Q1,Month-2,Smartwatch,UK,9433
2022,Q1,Month-2,Smartwatch,Germany,44001
2022,Q1,Month-2,Smartwatch,France,12016
2022,Q1,Month-2,Smartwatch,Japan,24897
2022,Q1,Month-3,Laptop,USA,3612
2022,Q1,Month-3,Laptop,UK,24483
2022,Q1,Month-3,Laptop,Germany,49555
2022,Q1,Month-3,Laptop,France,18159
2022,Q1,Month-3,Laptop,Japan,45974
2022,Q1,Month-3,Smartphone,USA,41994
2022,Q1,Month-3,Smartphone,UK,15541
2022,Q1,Month-3,Smartphone,Germany,36920
2022,Q1,Month-3,Smartphone,France,27531
2022,Q1,Month-3,Smartphone,Japan,2585
2022,Q1,Month-3,Tablet,USA,4943
2022,Q1,Month-3,Tablet,UK,24939
2022,Q1,Month-3,Tablet,Germany,20457
2022,Q1,Month-3,Tablet,France,2021
2022,Q1,Month-3,Tablet,Japan,12653
2022,Q1,Month-3,Headphones,USA,44573
2022,Q1,Month-3,Headphones,UK,14417
2022,Q1,Month-3,Headphones,Germany,41757
2022,Q1,Month-3,Headphones,France,10692
2022,Q1,Month-3,Headphones,Japan,46758
2022,Q1,Month-3,Smartwatch,USA,7873
2022,Q1,Month-3,Smartwatch,UK,6675
2022,Q1,Month-3,Smartwatch,Germany,1161
2022,Q1,Month-3,Smartwatch,France,38065
2022,Q1,Month-3,Smartwatch,Japan,27557
2022,Q1,Month-4,Laptop,USA,34763
2022,Q1,Month-4,Laptop,UK,33606
2022,Q1,Month-4,Laptop,Germany,12534
2022,Q1,Month-4,Laptop,France,30127
2022,Q1,Month-4,Laptop,Japan,41397
2022,Q1,Month-4,Smartphone,USA,26851
2022,Q1,Month-4,Smartphone,UK,2016
2022,Q1,Month-4,Smartphone,Germany,25253
2022,Q1,Month-4,Smartphone,France,25276
2022,Q1,Month-4,Smartphone,Japan,24247
2022,Q1,Month-4,Tablet,USA,25300
2022,Q1,Month-4,Tablet,UK,9529
2022,Q1,Month-4,Tablet,Germany,18262
2022,Q1,Month-4,Tablet,France,10268
2022,Q1,Month-4,Tablet,Japan,22271
2022,Q1,Month-4,Headphones,USA,13185
2022,Q1,Month-4,Headphones,UK,22243
2022,Q1,Month-4,Headphones,Germany,40099
2022,Q1,Month-4,Headphones,France,9571
2022,Q1,Month-4,Headphones,Japan,40976
2022,Q1,Month-4,Smartwatch,USA,39044
2022,Q1,Month-4,Smartwatch,UK,49984
2022,Q1,Month-4,Smartwatch,Germany,41774
2022,Q1,Month-4,Smartwatch,France,3568
2022,Q1,Month-4,Smartwatch,Japan,3027
2022,Q1,Month-5,Laptop,USA,3695
2022,Q1,Month-5,Laptop,UK,49190
2022,Q1,Month-5,Laptop,Germany,6258
2022,Q1,Month-5,Laptop,France,23002
2022,Q1,Month-5,Laptop,Japan,40504
2022,Q1,Month-5,Smartphone,USA,34159
2022,Q1,Month-5,Smartphone,UK,14986
2022,Q1,Month-5,Smartphone,Germany,13666
2022,Q1,Month-5,Smartphone,France,39660
2022,Q1,Month-5,Smartphone,Japan,4561
2022,Q1,Month-5,Tablet,USA,27854
2022,Q1,Month-5,Tablet,UK,39952
2022,Q1,Month-5,Tablet,Germany,23662
2022,Q1,Month-5,Tablet,France,9392
2022,Q1,Month-5,Tablet,Japan,31535
2022,Q1,Month-5,Headphones,USA,14067
2022,Q1,Month-5,Headphones,UK,49033
2022,Q1,Month-5,Headphones,Germany,24599
2022,Q1,Month-5,Headphones,France,36222
2022,Q1,Month-5,Headphones,Japan,12837
2022,Q1,Month-5,Smartwatch,USA,15039
2022,Q1,Month-5,Smartwatch,UK,31818
2022,Q1,Month-5,Smartwatch,Germany,20115
2022,Q1,Month-5,Smartwatch,France,11965
2022,Q1,Month-5,Smartwatch,Japan,25538
2022,Q1,Month-6,Laptop,USA,43530
2022,Q1,Month-6,Laptop,UK,6056
2022,Q1,Month-6,Laptop,Germany,33482
2022,Q1,Month-6,Laptop,France,48716
2022,Q1,Month-6,Laptop,Japan,9110
2022,Q1,Month-6,Smartphone,USA,14773
2022,Q1,Month-6,Smartphone,UK,28266
2022,Q1,Month-6,Smartphone,Germany,18412
2022,Q1,Month-6,Smartphone,France,34270
2022,Q1,Month-6,Smartphone,Japan,7910
2022,Q1,Month-6,Tablet,USA,46453
2022,Q1,Month-6,Tablet,UK,26446
2022,Q1,Month-6,Tablet,Germany,1206
2022,Q1,Month-6,Tablet,France,22518
2022,Q1,Month-6,Tablet,Japan,23361
2022,Q1,Month-6,Headphones,USA,24419
2022,Q1,Month-6,Headphones,UK,49702
2022,Q1,Month-6,Headphones,Germany,42523
2022,Q1,Month-6,Headphones,France,46151
2022,Q1,Month-6,Headphones,Japan,23403
2022,Q1,Month-6,Smartwatch,USA,19141
2022,Q1,Month-6,Smartwatch,UK,15820
2022,Q1,Month-6,Smartwatch,Germany,41342
2022,Q1,Month-6,Smartwatch,France,7374
2022,Q1,Month-6,Smartwatch,Japan,2678
2022,Q1,Month-7,Laptop,USA,34827
2022,Q1,Month-7,Laptop,UK,17198
2022,Q1,Month-7,Laptop,Germany,10914
2022,Q1,Month-7,Laptop,France,28890
2022,Q1,Month-7,Laptop,Japan,23299
2022,Q1,Month-7,Smartphone,USA,44585
2022,Q1,Month-7,Smartphone,UK,44689
2022,Q1,Month-7,Smartphone,Germany,43557
2022,Q1,Month-7,Smartphone,France,45020
2022,Q1,Month-7,Smartphone,Japan,3693
2022,Q1,Month-7,Tablet,USA,30467
2022,Q1,Month-7,Tablet,UK,30723
2022,Q1,Month-7,Tablet,Germany,47699
2022,Q1,Month-7,Tablet,France,4627
2022,Q1,Month-7,Tablet,Japan,26939
2022,Q1,Month-7,Headphones,USA,49925
2022,Q1,Month-7,Headphones,UK,43941
2022,Q1,Month-7,Headphones,Germany,22834
2022,Q1,Month-7,Headphones,France,19047
2022,Q1,Month-7,Headphones,Japan,27105
2022,Q1,Month-7,Smartwatch,USA,11230
2022,Q1,Month-7,Smartwatch,UK,16707
2022,Q1,Month-7,Smartwatch,Germany,22976
2022,Q1,Month-7,Smartwatch,France,45262
2022,Q1,Month-7,Smartwatch,Japan,24776
2022,Q1,Month-8,Laptop,USA,31080
2022,Q1,Month-8,Laptop,UK,2306
2022,Q1,Month-8,Laptop,Germany,7776
2022,Q1,Month-8,Laptop,France,28251
2022,Q1,Month-8,Laptop,Japan,10474
2022,Q1,Month-8,Smartphone,USA,41294
2022,Q1,Month-8,Smartphone,UK,22959
2022,Q1,Month-8,Smartphone,Germany,6530
2022,Q1,Month-8,Smartphone,France,30320
2022,Q1,Month-8,Smartphone,Japan,4748
2022,Q1,Month-8,Tablet,USA,32968
2022,Q1,Month-8,Tablet,UK,33562
2022,Q1,Month-8,Tablet,Germany,14545
2022,Q1,Month-8,Tablet,France,1663
2022,Q1,Month-8,Tablet,Japan,35766
2022,Q1,Month-8,Headphones,USA,8994
2022,Q1,Month-8,Headphones,UK,29021
2022,Q1,Month-8,Headphones,Germany,31303
2022,Q1,Month-8,Headphones,France,4304
2022,Q1,Month-8,Headphones,Japan,47576
2022,Q1,Month-8,Smartwatch,USA,40353
2022,Q1,Month-8,Smartwatch,UK,18675
2022,Q1,Month-8,Smartwatch,Germany,45417
2022,Q1,Month-8,Smartwatch,France,24938
2022,Q1,Month-8,Smartwatch,Japan,24664
2022,Q1,Month-9,Laptop,USA,2636
2022,Q1,Month-9,Laptop,UK,21080
2022,Q1,Month-9,Laptop,Germany,28728
2022,Q1,Month-9,Laptop,France,27736
2022,Q1,Month-9,Laptop,Japan,29673
2022,Q1,Month-9,Smartphone,USA,38505
2022,Q1,Month-9,Smartphone,UK,48323
2022,Q1,Month-9,Smartphone,Germany,47645
2022,Q1,Month-9,Smartphone,France,1854
2022,Q1,Month-9,Smartphone,Japan,25548
2022,Q1,Month-9,Tablet,USA,39623
2022,Q1,Month-9,Tablet,UK,8392
2022,Q1,Month-9,Tablet,Germany,47717
2022,Q1,Month-9,Tablet,France,22556
2022,Q1,Month-9,Tablet,Japan,39559
2022,Q1,Month-9,Headphones,USA,27309
2022,Q1,Month-9,Headphones,UK,22919
2022,Q1,Month-9,Headphones,Germany,5931
2022,Q1,Month-9,Headphones,France,33970
2022,Q1,Month-9,Headphones,Japan,45215
2022,Q1,Month-9,Smartwatch,USA,13688
2022,Q1,Month-9,Smartwatch,UK,26342
2022,Q1,Month-9,Smartwatch,Germany,38157
2022,Q1,Month-9,Smartwatch,France,3327
2022,Q1,Month-9,Smartwatch,Japan,41772
2022,Q1,Month-10,Laptop,USA,41545
2022,Q1,Month-10,Laptop,UK,1197
2022,Q1,Month-10,Laptop,Germany,24509
2022,Q1,Month-10,Laptop,France,35698
2022,Q1,Month-10,Laptop,Japan,45542
2022,Q1,Month-10,Smartphone,USA,16087
2022,Q1,Month-10,Smartphone,UK,23671
2022,Q1,Month-10,Smartphone,Germany,26184
2022,Q1,Month-10,Smartphone,France,28848
2022,Q1,Month-10,Smartphone,Japan,43107
2022,Q1,Month-10,Tablet,USA,21666
2022,Q1,Month-10,Tablet,UK,45357
2022,Q1,Month-10,Tablet,Germany,16708
2022,Q1,Month-10,Tablet,France,27370
2022,Q1,Month-10,Tablet,Japan,3811
2022,Q1,Month-10,Headphones,USA,48011
2022,Q1,Month-10,Headphones,UK,7546
2022,Q1,Month-10,Headphones,Germany,35754
2022,Q1,Month-10,Headphones,France,31206
2022,Q1,Month-10,Headphones,Japan,42106
2022,Q1,Month-10,Smartwatch,USA,12411
2022,Q1,Month-10,Smartwatch,UK,3911
2022,Q1,Month-10,Smartwatch,Germany,2734
2022,Q1,Month-10,Smartwatch,France,19227
2022,Q1,Month-10,Smartwatch,Japan,9680
2022,Q1,Month-11,Laptop,USA,20360
2022,Q1,Month-11,Laptop,UK,19343
2022,Q1,Month-11,Laptop,Germany,6759
2022,Q1,Month-11,Laptop,France,24078
2022,Q1,Month-11,Laptop,Japan,36153
2022,Q1,Month-11,Smartphone,USA,12111
2022,Q1,Month-11,Smartphone,UK,38504
2022,Q1,Month-11,Smartphone,Germany,2802
2022,Q1,Month-11,Smartphone,France,9155
2022,Q1,Month-11,Smartphone,Japan,9120
2022,Q1,Month-11,Tablet,USA,40384
2022,Q1,Month-11,Tablet,UK,48025
2022,Q1,Month-11,Tablet,Germany,48254
2022,Q1,Month-11,Tablet,France,22918
2022,Q1,Month-11,Tablet,Japan,21445
2022,Q1,Month-11,Headphones,USA,31306
2022,Q1,Month-11,Headphones,UK,17646
2022,Q1,Month-11,Headphones,Germany,47843
2022,Q1,Month-11,Headphones,France,32065
2022,Q1,Month-11,Headphones,Japan,26199
2022,Q1,Month-11,Smartwatch,USA,42976
2022,Q1,Month-11,Smartwatch,UK,17371
2022,Q1,Month-11,Smartwatch,Germany,12835
2022,Q1,Month-11,Smartwatch,France,46936
2022,Q1,Month-11,Smartwatch,Japan,3049
2022,Q1,Month-12,Laptop,USA,32616
2022,Q1,Month-12,Laptop,UK,39191
2022,Q1,Month-12,Laptop,Germany,48357
2022,Q1,Month-12,Laptop,France,21932
2022,Q1,Month-12,Laptop,Japan,30855
2022,Q1,Month-12,Smartphone,USA,8158
2022,Q1,Month-12,Smartphone,UK,44016
2022,Q1,Month-12,Smartphone,Germany,8400
2022,Q1,Month-12,Smartphone,France,43642
2022,Q1,Month-12,Smartphone,Japan,16151
2022,Q1,Month-12,Tablet,USA,2154
2022,Q1,Month-12,Tablet,UK,5499
2022,Q1,Month-12,Tablet,Germany,7295
2022,Q1,Month-12,Tablet,France,13183
2022,Q1,Month-12,Tablet,Japan,30299
2022,Q1,Month-12,Headphones,USA,13874
2022,Q1,Month-12,Headphones,UK,33711
2022,Q1,Month-12,Headphones,Germany,6539
2022,Q1,Month-12,Headphones,France,43405
2022,Q1,Month-12,Headphones,Japan,49354
2022,Q1,Month-12,Smartwatch,USA,3557
2022,Q1,Month-12,Smartwatch,UK,39360
2022,Q1,Month-12,Smartwatch,Germany,17482
2022,Q1,Month-12,Smartwatch,France,3200
2022,Q1,Month-12,Smartwatch,Japan,47940
2022,Q2,Month-1,Laptop,USA,3961
2022,Q2,Month-1,Laptop,UK,47975
2022,Q2,Month-1,Laptop,Germany,22357
2022,Q2,Month-1,Laptop,France,12969
2022,Q2,Month-1,Laptop,Japan,3869
2022,Q2,Month-1,Smartphone,USA,47760
2022,Q2,Month-1,Smartphone,UK,29643
2022,Q2,Month-1,Smartphone,Germany,25736
2022,Q2,Month-1,Smartphone,France,39467
2022,Q2,Month-1,Smartphone,Japan,24328
2022,Q2,Month-1,Tablet,USA,26876
2022,Q2,Month-1,Tablet,UK,22295
2022,Q2,Month-1,Tablet,Germany,4987
2022,Q2,Month-1,Tablet,France,23399
2022,Q2,Month-1,Tablet,Japan,47214
2022,Q2,Month-1,Headphones,USA,34986
2022,Q2,Month-1,Headphones,UK,21880
2022,Q2,Month-1,Headphones,Germany,5735
2022,Q2,Month-1,Headphones,France,45064
2022,Q2,Month-1,Headphones,Japan,5555
2022,Q2,Month-1,Smartwatch,USA,42914
2022,Q2,Month-1,Smartwatch,UK,41818
2022,Q2,Month-1,Smartwatch,Germany,46525
2022,Q2,Month-1,Smartwatch,France,20830
2022,Q2,Month-1,Smartwatch,Japan,18429
2022,Q2,Month-2,Laptop,USA,7893
2022,Q2,Month-2,Laptop,UK,15373
2022,Q2,Month-2,Laptop,Germany,48333
2022,Q2,Month-2,Laptop,France,4436
2022,Q2,Month-2,Laptop,Japan,9754
2022,Q2,Month-2,Smartphone,USA,11677
2022,Q2,Month-2,Smartphone,UK,6895
2022,Q2,Month-2,Smartphone,Germany,20738
2022,Q2,Month-2,Smartphone,France,31746
2022,Q2,Month-2,Smartphone,Japan,49404
2022,Q2,Month-2,Tablet,USA,33352
2022,Q2,Month-2,Tablet,UK,40790
2022,Q2,Month-2,Tablet,Germany,42919
2022,Q2,Month-2,Tablet,France,6600
2022,Q2,Month-2,Tablet,Japan,30124
2022,Q2,Month-2,Headphones,USA,28643
2022,Q2,Month-2,Headphones,UK,41764
2022,Q2,Month-2,Headphones,Germany,10007
2022,Q2,Month-2,Headphones,France,46714
2022,Q2,Month-2,Headphones,Japan,38410
2022,Q2,Month-2,Smartwatch,USA,45080
2022,Q2,Month-2,Smartwatch,UK,41447
2022,Q2,Month-2,Smartwatch,Germany,9208
2022,Q2,Month-2,Smartwatch,France,19589
2022,Q2,Month-2,Smartwatch,Japan,44484
2022,Q2,Month-3,Laptop,USA,18453
2022,Q2,Month-3,Laptop,UK,37212
2022,Q2,Month-3,Laptop,Germany,44525
2022,Q2,Month-3,Laptop,France,48202
2022,Q2,Month-3,Laptop,Japan,33635
2022,Q2,Month-3,Smartphone,USA,34828
2022,Q2,Month-3,Smartphone,UK,19711
2022,Q2,Month-3,Smartphone,Germany,4420
2022,Q2,Month-3,Smartphone,France,32216
2022,Q2,Month-3,Smartphone,Japan,1301
2022,Q2,Month-3,Tablet,USA,46236
2022,Q2,Month-3,Tablet,UK,1699
2022,Q2,Month-3,Tablet,Germany,1190
2022,Q2,Month-3,Tablet,France,11492
2022,Q2,Month-3,Tablet,Japan,36743
2022,Q2,Month-3,Headphones,USA,7102
2022,Q2,Month-3,Headphones,UK,20778
2022,Q2,Month-3,Headphones,Germany,27641
2022,Q2,Month-3,Headphones,France,35584
2022,Q2,Month-3,Headphones,Japan,33745
2022,Q2,Month-3,Smartwatch,USA,24093
2022,Q2,Month-3,Smartwatch,UK,1569
2022,Q2,Month-3,Smartwatch,Germany,39210
2022,Q2,Month-3,Smartwatch,France,35663
2022,Q2,Month-3,Smartwatch,Japan,37631
2022,Q2,Month-4,Laptop,USA,46681
2022,Q2,Month-4,Laptop,UK,8455
2022,Q2,Month-4,Laptop,Germany,5014
2022,Q2,Month-4,Laptop,France,12093
2022,Q2,Month-4,Laptop,Japan,19070
2022,Q2,Month-4,Smartphone,USA,36777
2022,Q2,Month-4,Smartphone,UK,17538
2022,Q2,Month-4,Smartphone,Germany,11729
2022,Q2,Month-4,Smartphone,France,35177
2022,Q2,Month-4,Smartphone,Japan,46017
2022,Q2,Month-4,Tablet,USA,1784
2022,Q2,Month-4,Tablet,UK,28751
2022,Q2,Month-4,Tablet,Germany,41864
2022,Q2,Month-4,Tablet,France,41328
2022,Q2,Month-4,Tablet,Japan,13533
2022,Q2,Month-4,Headphones,USA,41111
2022,Q2,Month-4,Headphones,UK,40974
2022,Q2,Month-4,Headphones,Germany,6801
2022,Q2,Month-4,Headphones,France,20190
2022,Q2,Month-4,Headphones,Japan,39754
2022,Q2,Month-4,Smartwatch,USA,30592
2022,Q2,Month-4,Smartwatch,UK,11647
2022,Q2,Month-4,Smartwatch,Germany,9716
2022,Q2,Month-4,Smartwatch,France,24355
2022,Q2,Month-4,Smartwatch,Japan,23009
2022,Q2,Month-5,Laptop,USA,25376
2022,Q2,Month-5,Laptop,UK,46091
2022,Q2,Month-5,Laptop,Germany,5780
2022,Q2,Month-5,Laptop,France,3368
2022,Q2,Month-5,Laptop,Japan,13039
2022,Q2,Month-5,Smartphone,USA,7655
2022,Q2,Month-5,Smartphone,UK,41941
2022,Q2,Month-5,Smartphone,Germany,5495
2022,Q2,Month-5,Smartphone,France,11893
2022,Q2,Month-5,Smartphone,Japan,26547
2022,Q2,Month-5,Tablet,USA,23386
2022,Q2,Month-5,Tablet,UK,14403
2022,Q2,Month-5,Tablet,Germany,33097
2022,Q2,Month-5,Tablet,France,14121
2022,Q2,Month-5,Tablet,Japan,11966
2022,Q2,Month-5,Headphones,USA,34621
2022,Q2,Month-5,Headphones,UK,29312
2022,Q2,Month-5,Headphones,Germany,23677
2022,Q2,Month-5,Headphones,France,32289
2022,Q2,Month-5,Headphones,Japan,32024
2022,Q2,Month-5,Smartwatch,USA,43675
2022,Q2,Month-5,Smartwatch,UK,5777
2022,Q2,Month-5,Smartwatch,Germany,30749
2022,Q2,Month-5,Smartwatch,France,16338
2022,Q2,Month-5,Smartwatch,Japan,3491
2022,Q2,Month-6,Laptop,USA,28236
2022,Q2,Month-6,Laptop,UK,49096
2022,Q2,Month-6,Laptop,Germany,15599
2022,Q2,Month-6,Laptop,France,20508
2022,Q2,Month-6,Laptop,Japan,4051
2022,Q2,Month-6,Smartphone,USA,49747
2022,Q2,Month-6,Smartphone,UK,22606
2022,Q2,Month-6,Smartphone,Germany,22699
2022,Q2,Month-6,Smartphone,France,1876
2022,Q2,Month-6,Smartphone,Japan,33093
2022,Q2,Month-6,Tablet,USA,5142
2022,Q2,Month-6,Tablet,UK,16202
2022,Q2,Month-6,Tablet,Germany,40734
2022,Q2,Month-6,Tablet,France,8079
2022,Q2,Month-6,Tablet,Japan,8987
2022,Q2,Month-6,Headphones,USA,40567
2022,Q2,Month-6,Headphones,UK,29940
2022,Q2,Month-6,Headphones,Germany,38233
2022,Q2,Month-6,Headphones,France,18019
2022,Q2,Month-6,Headphones,Japan,47185
2022,Q2,Month-6,Smartwatch,USA,19077
2022,Q2,Month-6,Smartwatch,UK,27258
2022,Q2,Month-6,Smartwatch,Germany,22136
2022,Q2,Month-6,Smartwatch,France,9311
2022,Q2,Month-6,Smartwatch,Japan,18214
2022,Q2,Month-7,Laptop,USA,15098
2022,Q2,Month-7,Laptop,UK,29251
2022,Q2,Month-7,Laptop,Germany,38945
2022,Q2,Month-7,Laptop,France,48030
2022,Q2,Month-7,Laptop,Japan,26945
2022,Q2,Month-7,Smartphone,USA,26316
2022,Q2,Month-7,Smartphone,UK,33217
2022,Q2,Month-7,Smartphone,Germany,9308
2022,Q2,Month-7,Smartphone,France,6949
2022,Q2,Month-7,Smartphone,Japan,2150
2022,Q2,Month-7,Tablet,USA,24944
2022,Q2,Month-7,Tablet,UK,35699
2022,Q2,Month-7,Tablet,Germany,10204
2022,Q2,Month-7,Tablet,France,2081
2022,Q2,Month-7,Tablet,Japan,30305
2022,Q2,Month-7,Headphones,USA,17896
2022,Q2,Month-7,Headphones,UK,47175
2022,Q2,Month-7,Headphones,Germany,8805
2022,Q2,Month-7,Headphones,France,6237
2022,Q2,Month-7,Headphones,Japan,21056
2022,Q2,Month-7,Smartwatch,USA,46543
2022,Q2,Month-7,Smartwatch,UK,46952
2022,Q2,Month-7,Smartwatch,Germany,4343
2022,Q2,Month-7,Smartwatch,France,14500
2022,Q2,Month-7,Smartwatch,Japan,30375
2022,Q2,Month-8,Laptop,USA,10662
2022,Q2,Month-8,Laptop,UK,17964
2022,Q2,Month-8,Laptop,Germany,48893
2022,Q2,Month-8,Laptop,France,9130
2022,Q2,Month-8,Laptop,Japan,20531
2022,Q2,Month-8,Smartphone,USA,2679
2022,Q2,Month-8,Smartphone,UK,4506
2022,Q2,Month-8,Smartphone,Germany,14284
2022,Q2,Month-8,Smartphone,France,8253
2022,Q2,Month-8,Smartphone,Japan,20128
2022,Q2,Month-8,Tablet,USA,28932
2022,Q2,Month-8,Tablet,UK,10435
2022,Q2,Month-8,Tablet,Germany,45078
2022,Q2,Month-8,Tablet,France,14296
2022,Q2,Month-8,Tablet,Japan,31445
2022,Q2,Month-8,Headphones,USA,14245
2022,Q2,Month-8,Headphones,UK,30124
2022,Q2,Month-8,Headphones,Germany,30899
2022,Q2,Month-8,Headphones,France,44919
2022,Q2,Month-8,Headphones,Japan,44225
2022,Q2,Month-8,Smartwatch,USA,36247
2022,Q2,Month-8,Smartwatch,UK,30222
2022,Q2,Month-8,Smartwatch,Germany,27211
2022,Q2,Month-8,Smartwatch,France,38220
2022,Q2,Month-8,Smartwatch,Japan,27646
2022,Q2,Month-9,Laptop,USA,39649
2022,Q2,Month-9,Laptop,UK,24049
2022,Q2,Month-9,Laptop,Germany,15069
2022,Q2,Month-9,Laptop,France,33580
2022,Q2,Month-9,Laptop,Japan,32843
2022,Q2,Month-9,Smartphone,USA,3849
2022,Q2,Month-9,Smartphone,UK,41158
2022,Q2,Month-9,Smartphone,Germany,24289
2022,Q2,Month-9,Smartphone,France,45690
2022,Q2,Month-9,Smartphone,Japan,36257
2022,Q2,Month-9,Tablet,USA,10823
2022,Q2,Month-9,Tablet,UK,42975
2022,Q2,Month-9,Tablet,Germany,10540
2022,Q2,Month-9,Tablet,France,17364
2022,Q2,Month-9,Tablet,Japan,5611
2022,Q2,Month-9,Headphones,USA,28663
2022,Q2,Month-9,Headphones,UK,39646
2022,Q2,Month-9,Headphones,Germany,31977
2022,Q2,Month-9,Headphones,France,30168
2022,Q2,Month-9,Headphones,Japan,26471
2022,Q2,Month-9,Smartwatch,USA,23687
2022,Q2,Month-9,Smartwatch,UK,1851
2022,Q2,Month-9,Smartwatch,Germany,19071
2022,Q2,Month-9,Smartwatch,France,7833
2022,Q2,Month-9,Smartwatch,Japan,12938
2022,Q2,Month-10,Laptop,USA,36195
2022,Q2,Month-10,Laptop,UK,27144
2022,Q2,Month-10,Laptop,Germany,5000
2022,Q2,Month-10,Laptop,France,6052
2022,Q2,Month-10,Laptop,Japan,36506
2022,Q2,Month-10,Smartphone,USA,29074
2022,Q2,Month-10,Smartphone,UK,39155
2022,Q2,Month-10,Smartphone,Germany,41770
2022,Q2,Month-10,Smartphone,France,33320
2022,Q2,Month-10,Smartphone,Japan,39304
2022,Q2,Month-10,Tablet,USA,47247
2022,Q2,Month-10,Tablet,UK,4913
2022,Q2,Month-10,Tablet,Germany,18450
2022,Q2,Month-10,Tablet,France,25107
2022,Q2,Month-10,Tablet,Japan,21764
2022,Q2,Month-10,Headphones,USA,44404
2022,Q2,Month-10,Headphones,UK,21491
2022,Q2,Month-10,Headphones,Germany,39494
2022,Q2,Month-10,Headphones,France,4373
2022,Q2,Month-10,Headphones,Japan,13161
2022,Q2,Month-10,Smartwatch,USA,32996
2022,Q2,Month-10,Smartwatch,UK,28122
2022,Q2,Month-10,Smartwatch,Germany,35850
2022,Q2,Month-10,Smartwatch,France,28350
2022,Q2,Month-10,Smartwatch,Japan,28472
2022,Q2,Month-11,Laptop,USA,29761
2022,Q2,Month-11,Laptop,UK,26351
2022,Q2,Month-11,Laptop,Germany,24132
2022,Q2,Month-11,Laptop,France,16305
2022,Q2,Month-11,Laptop,Japan,10817
2022,Q2,Month-11,Smartphone,USA,12261
2022,Q2,Month-11,Smartphone,UK,1417
2022,Q2,Month-11,Smartphone,Germany,42576
2022,Q2,Month-11,Smartphone,France,21358
2022,Q2,Month-11,Smartphone,Japan,4267
2022,Q2,Month-11,Tablet,USA,18209
2022,Q2,Month-11,Tablet,UK,25052
2022,Q2,Month-11,Tablet,Germany,39513
2022,Q2,Month-11,Tablet,France,27092
2022,Q2,Month-11,Tablet,Japan,12338
2022,Q2,Month-11,Headphones,USA,1412
2022,Q2,Month-11,Headphones,UK,8543
2022,Q2,Month-11,Headphones,Germany,41355
2022,Q2,Month-11,Headphones,France,34496
2022,Q2,Month-11,Headphones,Japan,24548
2022,Q2,Month-11,Smartwatch,USA,28384
2022,Q2,Month-11,Smartwatch,UK,45425
2022,Q2,Month-11,Smartwatch,Germany,39756
2022,Q2,Month-11,Smartwatch,France,19888
2022,Q2,Month-11,Smartwatch,Japan,36735
2022,Q2,Month-12,Laptop,USA,48295
2022,Q2,Month-12,Laptop,UK,49816
2022,Q2,Month-12,Laptop,Germany,18506
2022,Q2,Month-12,Laptop,France,21463
2022,Q2,Month-12,Laptop,Japan,18955
2022,Q2,Month-12,Smartphone,USA,38841
2022,Q2,Month-12,Smartphone,UK,6104
2022,Q2,Month-12,Smartphone,Germany,35911
2022,Q2,Month-12,Smartphone,France,24190
2022,Q2,Month-12,Smartphone,Japan,8357
2022,Q2,Month-12,Tablet,USA,33479
2022,Q2,Month-12,Tablet,UK,45811
2022,Q2,Month-12,Tablet,Germany,37208
2022,Q2,Month-12,Tablet,France,21150
2022,Q2,Month-12,Tablet,Japan,6644
2022,Q2,Month-12,Headphones,USA,44286
2022,Q2,Month-12,Headphones,UK,48320
2022,Q2,Month-12,Headphones,Germany,3914
2022,Q2,Month-12,Headphones,France,22352
2022,Q2,Month-12,Headphones,Japan,47352
2022,Q2,Month-12,Smartwatch,USA,45912
2022,Q2,Month-12,Smartwatch,UK,15397
2022,Q2,Month-12,Smartwatch,Germany,42555
2022,Q2,Month-12,Smartwatch,France,47959
2022,Q2,Month-12,Smartwatch,Japan,1728
2022,Q3,Month-1,Laptop,USA,1698
2022,Q3,Month-1,Laptop,UK,40954
2022,Q3,Month-1,Laptop,Germany,48280
2022,Q3,Month-1,Laptop,France,14923
2022,Q3,Month-1,Laptop,Japan,17779
2022,Q3,Month-1,Smartphone,USA,8400
2022,Q3,Month-1,Smartphone,UK,25466
2022,Q3,Month-1,Smartphone,Germany,37939
2022,Q3,Month-1,Smartphone,France,5360
2022,Q3,Month-1,Smartphone,Japan,36270
2022,Q3,Month-1,Tablet,USA,18101
2022,Q3,Month-1,Tablet,UK,33307
2022,Q3,Month-1,Tablet,Germany,6486
2022,Q3,Month-1,Tablet,France,9335
2022,Q3,Month-1,Tablet,Japan,22364
2022,Q3,Month-1,Headphones,USA,38259
2022,Q3,Month-1,Headphones,UK,24576
2022,Q3,Month-1,Headphones,Germany,32667
2022,Q3,Month-1,Headphones,France,12130
2022,Q3,Month-1,Headphones,Japan,22972
2022,Q3,Month-1,Smartwatch,USA,41419
2022,Q3,Month-1,Smartwatch,UK,2167
2022,Q3,Month-1,Smartwatch,Germany,28192
2022,Q3,Month-1,Smartwatch,France,2062
2022,Q3,Month-1,Smartwatch,Japan,19540
2022,Q3,Month-2,Laptop,USA,25244
2022,Q3,Month-2,Laptop,UK,22545
2022,Q3,Month-2,Laptop,Germany,22689
2022,Q3,Month-2,Laptop,France,12174
2022,Q3,Month-2,Laptop,Japan,23925
2022,Q3,Month-2,Smartphone,USA,38497
2022,Q3,Month-2,Smartphone,UK,10348
2022,Q3,Month-2,Smartphone,Germany,24714
2022,Q3,Month-2,Smartphone,France,39102
2022,Q3,Month-2,Smartphone,Japan,9924
2022,Q3,Month-2,Tablet,USA,38098
2022,Q3,Month-2,Tablet,UK,25394
2022,Q3,Month-2,Tablet,Germany,7801
2022,Q3,Month-2,Tablet,France,38614
2022,Q3,Month-2,Tablet,Japan,7731
2022,Q3,Month-2,Headphones,USA,49136
2022,Q3,Month-2,Headphones,UK,24625
2022,Q3,Month-2,Headphones,Germany,18337
2022,Q3,Month-2,Headphones,France,36307
2022,Q3,Month-2,Headphones,Japan,8056
2022,Q3,Month-2,Smartwatch,USA,12516
2022,Q3,Month-2,Smartwatch,UK,45261
2022,Q3,Month-2,Smartwatch,Germany,2542
2022,Q3,Month-2,Smartwatch,France,22677
2022,Q3,Month-2,Smartwatch,Japan,47732
2022,Q3,Month-3,Laptop,USA,40081
2022,Q3,Month-3,Laptop,UK,28569
2022,Q3,Month-3,Laptop,Germany,24322
2022,Q3,Month-3,Laptop,France,20065
2022,Q3,Month-3,Laptop,Japan,18924
2022,Q3,Month-3,Smartphone,USA,23556
2022,Q3,Month-3,Smartphone,UK,27962
2022,Q3,Month-3,Smartphone,Germany,29295
2022,Q3,Month-3,Smartphone,France,14807
2022,Q3,Month-3,Smartphone,Japan,43348
2022,Q3,Month-3,Tablet,USA,27432
2022,Q3,Month-3,Tablet,UK,18749
2022,Q3,Month-3,Tablet,Germany,42459
2022,Q3,Month-3,Tablet,France,27256
2022,Q3,Month-3,Tablet,Japan,41262
2022,Q3,Month-3,Headphones,USA,38080
2022,Q3,Month-3,Headphones,UK,2324
2022,Q3,Month-3,Headphones,Germany,26731
2022,Q3,Month-3,Headphones,France,36909
2022,Q3,Month-3,Headphones,Japan,24803
2022,Q3,Month-3,Smartwatch,USA,20870
2022,Q3,Month-3,Smartwatch,UK,35578
2022,Q3,Month-3,Smartwatch,Germany,7588
2022,Q3,Month-3,Smartwatch,France,39069
2022,Q3,Month-3,Smartwatch,Japan,27790
2022,Q3,Month-4,Laptop,USA,26289
2022,Q3,Month-4,Laptop,UK,29178
2022,Q3,Month-4,Laptop,Germany,29710
2022,Q3,Month-4,Laptop,France,16485
2022,Q3,Month-4,Laptop,Japan,45482
2022,Q3,Month-4,Smartphone,USA,21652
2022,Q3,Month-4,Smartphone,UK,5748
2022,Q3,Month-4,Smartphone,Germany,22233
2022,Q3,Month-4,Smartphone,France,10435
2022,Q3,Month-4,Smartphone,Japan,4709
2022,Q3,Month-4,Tablet,USA,31355
2022,Q3,Month-4,Tablet,UK,14116
2022,Q3,Month-4,Tablet,Germany,26470
2022,Q3,Month-4,Tablet,France,43344
2022,Q3,Month-4,Tablet,Japan,43918
2022,Q3,Month-4,Headphones,USA,40298
2022,Q3,Month-4,Headphones,UK,43956
2022,Q3,Month-4,Headphones,Germany,15683
2022,Q3,Month-4,Headphones,France,1504
2022,Q3,Month-4,Headphones,Japan,34982
2022,Q3,Month-4,Smartwatch,USA,35299
2022,Q3,Month-4,Smartwatch,UK,29016
2022,Q3,Month-4,Smartwatch,Germany,24960
2022,Q3,Month-4,Smartwatch,France,34591
2022,Q3,Month-4,Smartwatch,Japan,18312
2022,Q3,Month-5,Laptop,USA,38797
2022,Q3,Month-5,Laptop,UK,47196
2022,Q3,Month-5,Laptop,Germany,3105
2022,Q3,Month-5,Laptop,France,37395
2022,Q3,Month-5,Laptop,Japan,46740
2022,Q3,Month-5,Smartphone,USA,23700
2022,Q3,Month-5,Smartphone,UK,35620
2022,Q3,Month-5,Smartphone,Germany,38678
2022,Q3,Month-5,Smartphone,France,21559
2022,Q3,Month-5,Smartphone,Japan,28509
2022,Q3,Month-5,Tablet,USA,28860
2022,Q3,Month-5,Tablet,UK,12003
2022,Q3,Month-5,Tablet,Germany,22732
2022,Q3,Month-5,Tablet,France,26826
2022,Q3,Month-5,Tablet,Japan,31354
2022,Q3,Month-5,Headphones,USA,14843
2022,Q3,Month-5,Headphones,UK,45472
2022,Q3,Month-5,Headphones,Germany,49529
2022,Q3,Month-5,Headphones,France,7190
2022,Q3,Month-5,Headphones,Japan,18640
2022,Q3,Month-5,Smartwatch,USA,39413
2022,Q3,Month-5,Smartwatch,UK,43356
2022,Q3,Month-5,Smartwatch,Germany,45597
2022,Q3,Month-5,Smartwatch,France,41821
2022,Q3,Month-5,Smartwatch,Japan,4330
2022,Q3,Month-6,Laptop,USA,20087
2022,Q3,Month-6,Laptop,UK,42430
2022,Q3,Month-6,Laptop,Germany,25504
2022,Q3,Month-6,Laptop,France,8114
2022,Q3,Month-6,Laptop,Japan,14323
2022,Q3,Month-6,Smartphone,USA,35121
2022,Q3,Month-6,Smartphone,UK,11975
2022,Q3,Month-6,Smartphone,Germany,12023
2022,Q3,Month-6,Smartphone,France,22447
2022,Q3,Month-6,Smartphone,Japan,25933
2022,Q3,Month-6,Tablet,USA,24959
2022,Q3,Month-6,Tablet,UK,1667
2022,Q3,Month-6,Tablet,Germany,30703
2022,Q3,Month-6,Tablet,France,10337
2022,Q3,Month-6,Tablet,Japan,47427
2022,Q3,Month-6,Headphones,USA,37487
2022,Q3,Month-6,Headphones,UK,20129
2022,Q3,Month-6,Headphones,Germany,41251
2022,Q3,Month-6,Headphones,France,32921
2022,Q3,Month-6,Headphones,Japan,34307
2022,Q3,Month-6,Smartwatch,USA,28355
2022,Q3,Month-6,Smartwatch,UK,38732
2022,Q3,Month-6,Smartwatch,Germany,5835
2022,Q3,Month-6,Smartwatch,France,21159
2022,Q3,Month-6,Smartwatch,Japan,39810
2022,Q3,Month-7,Laptop,USA,48605
2022,Q3,Month-7,Laptop,UK,41080
2022,Q3,Month-7,Laptop,Germany,39088
2022,Q3,Month-7,Laptop,France,14216
2022,Q3,Month-7,Laptop,Japan,36547
2022,Q3,Month-7,Smartphone,USA,32471
2022,Q3,Month-7,Smartphone,UK,18308
2022,Q3,Month-7,Smartphone,Germany,28532
2022,Q3,Month-7,Smartphone,France,35349
2022,Q3,Month-7,Smartphone,Japan,46445
2022,Q3,Month-7,Tablet,USA,6713
2022,Q3,Month-7,Tablet,UK,5804
2022,Q3,Month-7,Tablet,Germany,11136
2022,Q3,Month-7,Tablet,France,1009
2022,Q3,Month-7,Tablet,Japan,20255
2022,Q3,Month-7,Headphones,USA,24793
2022,Q3,Month-7,Headphones,UK,30548
2022,Q3,Month-7,Headphones,Germany,38892
2022,Q3,Month-7,Headphones,France,2015
2022,Q3,Month-7,Headphones,Japan,28712
2022,Q3,Month-7,Smartwatch,USA,35961
2022,Q3,Month-7,Smartwatch,UK,9415
2022,Q3,Month-7,Smartwatch,Germany,47318
2022,Q3,Month-7,Smartwatch,France,48280
2022,Q3,Month-7,Smartwatch,Japan,24833
2022,Q3,Month-8,Laptop,USA,5158
2022,Q3,Month-8,Laptop,UK,21309
2022,Q3,Month-8,Laptop,Germany,7970
2022,Q3,Month-8,Laptop,France,7938
2022,Q3,Month-8,Laptop,Japan,22168
2022,Q3,Month-8,Smartphone,USA,47540
2022,Q3,Month-8,Smartphone,UK,21384
2022,Q3,Month-8,Smartphone,Germany,19017
2022,Q3,Month-8,Smartphone,France,11344
2022,Q3,Month-8,Smartphone,Japan,41034
2022,Q3,Month-8,Tablet,USA,9702
2022,Q3,Month-8,Tablet,UK,1384
2022,Q3,Month-8,Tablet,Germany,1404
2022,Q3,Month-8,Tablet,France,41943
2022,Q3,Month-8,Tablet,Japan,48926
2022,Q3,Month-8,Headphones,USA,30189
2022,Q3,Month-8,Headphones,UK,13763
2022,Q3,Month-8,Headphones,Germany,19384
2022,Q3,Month-8,Headphones,France,33606
2022,Q3,Month-8,Headphones,Japan,10860
2022,Q3,Month-8,Smartwatch,USA,39757
2022,Q3,Month-8,Smartwatch,UK,16106
2022,Q3,Month-8,Smartwatch,Germany,24574
2022,Q3,Month-8,Smartwatch,France,24524
2022,Q3,Month-8,Smartwatch,Japan,4636
2022,Q3,Month-9,Laptop,USA,11916
2022,Q3,Month-9,Laptop,UK,5809
2022,Q3,Month-9,Laptop,Germany,33201
2022,Q3,Month-9,Laptop,France,14456
2022,Q3,Month-9,Laptop,Japan,49212
2022,Q3,Month-9,Smartphone,USA,39765
2022,Q3,Month-9,Smartphone,UK,35816
2022,Q3,Month-9,Smartphone,Germany,46106
2022,Q3,Month-9,Smartphone,France,18100
2022,Q3,Month-9,Smartphone,Japan,22949
2022,Q3,Month-9,Tablet,USA,5544
2022,Q3,Month-9,Tablet,UK,38744
2022,Q3,Month-9,Tablet,Germany,46543
2022,Q3,Month-9,Tablet,France,43783
2022,Q3,Month-9,Tablet,Japan,27657
2022,Q3,Month-9,Headphones,USA,37187
2022,Q3,Month-9,Headphones,UK,48198
2022,Q3,Month-9,Headphones,Germany,8239
2022,Q3,Month-9,Headphones,France,15489
2022,Q3,Month-9,Headphones,Japan,44125
2022,Q3,Month-9,Smartwatch,USA,29538
2022,Q3,Month-9,Smartwatch,UK,33049
2022,Q3,Month-9,Smartwatch,Germany,38131
2022,Q3,Month-9,Smartwatch,France,43944
2022,Q3,Month-9,Smartwatch,Japan,9427
2022,Q3,Month-10,Laptop,USA,42348
2022,Q3,Month-10,Laptop,UK,25285
2022,Q3,Month-10,Laptop,Germany,38626
2022,Q3,Month-10,Laptop,France,43808
2022,Q3,Month-10,Laptop,Japan,23928
2022,Q3,Month-10,Smartphone,USA,20198
2022,Q3,Month-10,Smartphone,UK,20758
2022,Q3,Month-10,Smartphone,Germany,16254
2022,Q3,Month-10,Smartphone,France,45238
2022,Q3,Month-10,Smartphone,Japan,2252
2022,Q3,Month-10,Tablet,USA,40764
2022,Q3,Month-10,Tablet,UK,13173
2022,Q3,Month-10,Tablet,Germany,38441
2022,Q3,Month-10,Tablet,France,27698
2022,Q3,Month-10,Tablet,Japan,16781
2022,Q3,Month-10,Headphones,USA,14051
2022,Q3,Month-10,Headphones,UK,40649
2022,Q3,Month-10,Headphones,Germany,7949
2022,Q3,Month-10,Headphones,France,43289
2022,Q3,Month-10,Headphones,Japan,9017
2022,Q3,Month-10,Smartwatch,USA,7941
2022,Q3,Month-10,Smartwatch,UK,26934
2022,Q3,Month-10,Smartwatch,Germany,24386
2022,Q3,Month-10,Smartwatch,France,11209
2022,Q3,Month-10,Smartwatch,Japan,18715
2022,Q3,Month-11,Laptop,USA,29920
2022,Q3,Month-11,Laptop,UK,32703
2022,Q3,Month-11,Laptop,Germany,43318
2022,Q3,Month-11,Laptop,France,5637
2022,Q3,Month-11,Laptop,Japan,5854
2022,Q3,Month-11,Smartphone,USA,44088
2022,Q3,Month-11,Smartphone,UK,38660
2022,Q3,Month-11,Smartphone,Germany,40811
2022,Q3,Month-11,Smartphone,France,20856
2022,Q3,Month-11,Smartphone,Japan,22833
2022,Q3,Month-11,Tablet,USA,20963
2022,Q3,Month-11,Tablet,UK,37932
2022,Q3,Month-11,Tablet,Germany,28169
2022,Q3,Month-11,Tablet,France,8941
2022,Q3,Month-11,Tablet,Japan,15388
2022,Q3,Month-11,Headphones,USA,6569
2022,Q3,Month-11,Headphones,UK,5300
2022,Q3,Month-11,Headphones,Germany,40037
2022,Q3,Month-11,Headphones,France,37586
2022,Q3,Month-11,Headphones,Japan,13015
2022,Q3,Month-11,Smartwatch,USA,46002
2022,Q3,Month-11,Smartwatch,UK,7254
2022,Q3,Month-11,Smartwatch,Germany,18144
2022,Q3,Month-11,Smartwatch,France,25214
2022,Q3,Month-11,Smartwatch,Japan,41118
2022,Q3,Month-12,Laptop,USA,16183
2022,Q3,Month-12,Laptop,UK,7238
2022,Q3,Month-12,Laptop,Germany,7090
2022,Q3,Month-12,Laptop,France,12637
2022,Q3,Month-12,Laptop,Japan,23415
2022,Q3,Month-12,Smartphone,USA,25071
2022,Q3,Month-12,Smartphone,UK,46415
2022,Q3,Month-12,Smartphone,Germany,43679
2022,Q3,Month-12,Smartphone,France,42240
2022,Q3,Month-12,Smartphone,Japan,19271
2022,Q3,Month-12,Tablet,USA,37034
2022,Q3,Month-12,Tablet,UK,34434
2022,Q3,Month-12,Tablet,Germany,5188
2022,Q3,Month-12,Tablet,France,11161
2022,Q3,Month-12,Tablet,Japan,29732
2022,Q3,Month-12,Headphones,USA,12314
2022,Q3,Month-12,Headphones,UK,24954
2022,Q3,Month-12,Headphones,Germany,22508
2022,Q3,Month-12,Headphones,France,22969
2022,Q3,Month-12,Headphones,Japan,46659
2022,Q3,Month-12,Smartwatch,USA,38545
2022,Q3,Month-12,Smartwatch,UK,37668
2022,Q3,Month-12,Smartwatch,Germany,24061
2022,Q3,Month-12,Smartwatch,France,14716
2022,Q3,Month-12,Smartwatch,Japan,40749
2022,Q4,Month-1,Laptop,USA,40144
2022,Q4,Month-1,Laptop,UK,17907
2022,Q4,Month-1,Laptop,Germany,19777
2022,Q4,Month-1,Laptop,France,28693
2022,Q4,Month-1,Laptop,Japan,43928
2022,Q4,Month-1,Smartphone,USA,27329
2022,Q4,Month-1,Smartphone,UK,47892
2022,Q4,Month-1,Smartphone,Germany,17282
2022,Q4,Month-1,Smartphone,France,24624
2022,Q4,Month-1,Smartphone,Japan,24321
2022,Q4,Month-1,Tablet,USA,11488
2022,Q4,Month-1,Tablet,UK,23574
2022,Q4,Month-1,Tablet,Germany,6240
2022,Q4,Month-1,Tablet,France,44221
2022,Q4,Month-1,Tablet,Japan,11478
2022,Q4,Month-1,Headphones,USA,46162
2022,Q4,Month-1,Headphones,UK,20262
2022,Q4,Month-1,Headphones,Germany,5432
2022,Q4,Month-1,Headphones,France,30721
2022,Q4,Month-1,Headphones,Japan,14568
2022,Q4,Month-1,Smartwatch,USA,15178
2022,Q4,Month-1,Smartwatch,UK,23195
2022,Q4,Month-1,Smartwatch,Germany,1302
2022,Q4,Month-1,Smartwatch,France,18022
2022,Q4,Month-1,Smartwatch,Japan,1055
2022,Q4,Month-2,Laptop,USA,46781
2022,Q4,Month-2,Laptop,UK,9717
2022,Q4,Month-2,Laptop,Germany,29699
2022,Q4,Month-2,Laptop,France,9150
2022,Q4,Month-2,Laptop,Japan,3125
2022,Q4,Month-2,Smartphone,USA,45247
2022,Q4,Month-2,Smartphone,UK,49513
2022,Q4,Month-2,Smartphone,Germany,17748
2022,Q4,Month-2,Smartphone,France,40577
2022,Q4,Month-2,Smartphone,Japan,5621
2022,Q4,Month-2,Tablet,USA,16034
2022,Q4,Month-2,Tablet,UK,47391
2022,Q4,Month-2,Tablet,Germany,6126
2022,Q4,Month-2,Tablet,France,6122
2022,Q4,Month-2,Tablet,Japan,19030
2022,Q4,Month-2,Headphones,USA,18302
2022,Q4,Month-2,Headphones,UK,20181
2022,Q4,Month-2,Headphones,Germany,39638
2022,Q4,Month-2,Headphones,France,2531
2022,Q4,Month-2,Headphones,Japan,41940
2022,Q4,Month-2,Smartwatch,USA,41441
2022,Q4,Month-2,Smartwatch,UK,24333
2022,Q4,Month-2,Smartwatch,Germany,40650
2022,Q4,Month-2,Smartwatch,France,35674
2022,Q4,Month-2,Smartwatch,Japan,36854
2022,Q4,Month-3,Laptop,USA,47271
2022,Q4,Month-3,Laptop,UK,9152
2022,Q4,Month-3,Laptop,Germany,39518
2022,Q4,Month-3,Laptop,France,46540
2022,Q4,Month-3,Laptop,Japan,11267
2022,Q4,Month-3,Smartphone,USA,26289
2022,Q4,Month-3,Smartphone,UK,2062
2022,Q4,Month-3,Smartphone,Germany,30926
2022,Q4,Month-3,Smartphone,France,7229
2022,Q4,Month-3,Smartphone,Japan,48915
2022,Q4,Month-3,Tablet,USA,5632
2022,Q4,Month-3,Tablet,UK,40056
2022,Q4,Month-3,Tablet,Germany,4596
2022,Q4,Month-3,Tablet,France,45243
2022,Q4,Month-3,Tablet,Japan,7168
2022,Q4,Month-3,Headphones,USA,43563
2022,Q4,Month-3,Headphones,UK,8561
2022,Q4,Month-3,Headphones,Germany,9258
2022,Q4,Month-3,Headphones,France,17616
2022,Q4,Month-3,Headphones,Japan,27734
2022,Q4,Month-3,Smartwatch,USA,7371
2022,Q4,Month-3,Smartwatch,UK,27069
2022,Q4,Month-3,Smartwatch,Germany,15369
2022,Q4,Month-3,Smartwatch,France,13910
2022,Q4,Month-3,Smartwatch,Japan,8943
2022,Q4,Month-4,Laptop,USA,13199
2022,Q4,Month-4,Laptop,UK,16728
2022,Q4,Month-4,Laptop,Germany,24275
2022,Q4,Month-4,Laptop,France,7738
2022,Q4,Month-4,Laptop,Japan,16913
2022,Q4,Month-4,Smartphone,USA,36240
2022,Q4,Month-4,Smartphone,UK,20123
2022,Q4,Month-4,Smartphone,Germany,49447
2022,Q4,Month-4,Smartphone,France,35529
2022,Q4,Month-4,Smartphone,Japan,11167
2022,Q4,Month-4,Tablet,USA,11554
2022,Q4,Month-4,Tablet,UK,18260
2022,Q4,Month-4,Tablet,Germany,48045
2022,Q4,Month-4,Tablet,France,4812
2022,Q4,Month-4,Tablet,Japan,29024
2022,Q4,Month-4,Headphones,USA,28285
2022,Q4,Month-4,Headphones,UK,27900
2022,Q4,Month-4,Headphones,Germany,2605
2022,Q4,Month-4,Headphones,France,6622
2022,Q4,Month-4,Headphones,Japan,7767
2022,Q4,Month-4,Smartwatch,USA,28139
2022,Q4,Month-4,Smartwatch,UK,12613
2022,Q4,Month-4,Smartwatch,Germany,11589
2022,Q4,Month-4,Smartwatch,France,14918
2022,Q4,Month-4,Smartwatch,Japan,21119
2022,Q4,Month-5,Laptop,USA,28446
2022,Q4,Month-5,Laptop,UK,14046
2022,Q4,Month-5,Laptop,Germany,25818
2022,Q4,Month-5,Laptop,France,36358
2022,Q4,Month-5,Laptop,Japan,5324
2022,Q4,Month-5,Smartphone,USA,11787
2022,Q4,Month-5,Smartphone,UK,10111
2022,Q4,Month-5,Smartphone,Germany,39110
2022,Q4,Month-5,Smartphone,France,17389
2022,Q4,Month-5,Smartphone,Japan,42427
2022,Q4,Month-5,Tablet,USA,15043
2022,Q4,Month-5,Tablet,UK,29746
2022,Q4,Month-5,Tablet,Germany,23350
2022,Q4,Month-5,Tablet,France,42605
2022,Q4,Month-5,Tablet,Japan,1117
2022,Q4,Month-5,Headphones,USA,47685
2022,Q4,Month-5,Headphones,UK,19935
2022,Q4,Month-5,Headphones,Germany,48077
2022,Q4,Month-5,Headphones,France,14234
2022,Q4,Month-5,Headphones,Japan,39328
2022,Q4,Month-5,Smartwatch,USA,1846
2022,Q4,Month-5,Smartwatch,UK,11954
2022,Q4,Month-5,Smartwatch,Germany,14703
2022,Q4,Month-5,Smartwatch,France,49153
2022,Q4,Month-5,Smartwatch,Japan,47514
2022,Q4,Month-6,Laptop,USA,23700
2022,Q4,Month-6,Laptop,UK,33043
2022,Q4,Month-6,Laptop,Germany,7469
2022,Q4,Month-6,Laptop,France,31105
2022,Q4,Month-6,Laptop,Japan,43101
2022,Q4,Month-6,Smartphone,USA,27386
2022,Q4,Month-6,Smartphone,UK,46587
2022,Q4,Month-6,Smartphone,Germany,37976
2022,Q4,Month-6,Smartphone,France,40051
2022,Q4,Month-6,Smartphone,Japan,3048
2022,Q4,Month-6,Tablet,USA,40001
2022,Q4,Month-6,Tablet,UK,13941
2022,Q4,Month-6,Tablet,Germany,46375
2022,Q4,Month-6,Tablet,France,43533
2022,Q4,Month-6,Tablet,Japan,2828
2022,Q4,Month-6,Headphones,USA,2917
2022,Q4,Month-6,Headphones,UK,21618
2022,Q4,Month-6,Headphones,Germany,33254
2022,Q4,Month-6,Headphones,France,40756
2022,Q4,Month-6,Headphones,Japan,48362
2022,Q4,Month-6,Smartwatch,USA,21128
2022,Q4,Month-6,Smartwatch,UK,46745
2022,Q4,Month-6,Smartwatch,Germany,1009
2022,Q4,Month-6,Smartwatch,France,17644
2022,Q4,Month-6,Smartwatch,Japan,23422
2022,Q4,Month-7,Laptop,USA,10865
2022,Q4,Month-7,Laptop,UK,3219
2022,Q4,Month-7,Laptop,Germany,40809
2022,Q4,Month-7,Laptop,France,6287
2022,Q4,Month-7,Laptop,Japan,35387
2022,Q4,Month-7,Smartphone,USA,9512
2022,Q4,Month-7,Smartphone,UK,2342
2022,Q4,Month-7,Smartphone,Germany,44336
2022,Q4,Month-7,Smartphone,France,20216
2022,Q4,Month-7,Smartphone,Japan,28534
2022,Q4,Month-7,Tablet,USA,15231
2022,Q4,Month-7,Tablet,UK,33293
2022,Q4,Month-7,Tablet,Germany,27614
2022,Q4,Month-7,Tablet,France,37258
2022,Q4,Month-7,Tablet,Japan,29253
2022,Q4,Month-7,Headphones,USA,43078
2022,Q4,Month-7,Headphones,UK,41752
2022,Q4,Month-7,Headphones,Germany,18988
2022,Q4,Month-7,Headphones,France,32037
2022,Q4,Month-7,Headphones,Japan,13219
2022,Q4,Month-7,Smartwatch,USA,1235
2022,Q4,Month-7,Smartwatch,UK,43929
2022,Q4,Month-7,Smartwatch,Germany,2908
2022,Q4,Month-7,Smartwatch,France,9567
2022,Q4,Month-7,Smartwatch,Japan,37298
2022,Q4,Month-8,Laptop,USA,6256
2022,Q4,Month-8,Laptop,UK,20019
2022,Q4,Month-8,Laptop,Germany,9162
2022,Q4,Month-8,Laptop,France,6415
2022,Q4,Month-8,Laptop,Japan,37159
2022,Q4,Month-8,Smartphone,USA,44925
2022,Q4,Month-8,Smartphone,UK,6951
2022,Q4,Month-8,Smartphone,Germany,22852
2022,Q4,Month-8,Smartphone,France,9007
2022,Q4,Month-8,Smartphone,Japan,42832
2022,Q4,Month-8,Tablet,USA,31523
2022,Q4,Month-8,Tablet,UK,24325
2022,Q4,Month-8,Tablet,Germany,22204
2022,Q4,Month-8,Tablet,France,16524
2022,Q4,Month-8,Tablet,Japan,20282
2022,Q4,Month-8,Headphones,USA,24930
2022,Q4,Month-8,Headphones,UK,1077
2022,Q4,Month-8,Headphones,Germany,41345
2022,Q4,Month-8,Headphones,France,21611
2022,Q4,Month-8,Headphones,Japan,17984
2022,Q4,Month-8,Smartwatch,USA,15060
2022,Q4,Month-8,Smartwatch,UK,18449
2022,Q4,Month-8,Smartwatch,Germany,19520
2022,Q4,Month-8,Smartwatch,France,44303
2022,Q4,Month-8,Smartwatch,Japan,10510
2022,Q4,Month-9,Laptop,USA,30287
2022,Q4,Month-9,Laptop,UK,29173
2022,Q4,Month-9,Laptop,Germany,40711
2022,Q4,Month-9,Laptop,France,12954
2022,Q4,Month-9,Laptop,Japan,8804
2022,Q4,Month-9,Smartphone,USA,7565
2022,Q4,Month-9,Smartphone,UK,6984
2022,Q4,Month-9,Smartphone,Germany,22526
2022,Q4,Month-9,Smartphone,France,38438
2022,Q4,Month-9,Smartphone,Japan,19574
2022,Q4,Month-9,Tablet,USA,10184
2022,Q4,Month-9,Tablet,UK,20096
2022,Q4,Month-9,Tablet,Germany,3192
2022,Q4,Month-9,Tablet,France,35016
2022,Q4,Month-9,Tablet,Japan,12246
2022,Q4,Month-9,Headphones,USA,46558
2022,Q4,Month-9,Headphones,UK,19381
2022,Q4,Month-9,Headphones,Germany,37455
2022,Q4,Month-9,Headphones,France,27727
2022,Q4,Month-9,Headphones,Japan,5018
2022,Q4,Month-9,Smartwatch,USA,12302
2022,Q4,Month-9,Smartwatch,UK,2970
2022,Q4,Month-9,Smartwatch,Germany,42157
2022,Q4,Month-9,Smartwatch,France,28202
2022,Q4,Month-9,Smartwatch,Japan,32110
2022,Q4,Month-10,Laptop,USA,18586
2022,Q4,Month-10,Laptop,UK,25519
2022,Q4,Month-10,Laptop,Germany,32273
2022,Q4,Month-10,Laptop,France,22951
2022,Q4,Month-10,Laptop,Japan,16374
2022,Q4,Month-10,Smartphone,USA,6788
2022,Q4,Month-10,Smartphone,UK,6408
2022,Q4,Month-10,Smartphone,Germany,26053
2022,Q4,Month-10,Smartphone,France,10446
2022,Q4,Month-10,Smartphone,Japan,1922
2022,Q4,Month-10,Tablet,USA,34187
2022,Q4,Month-10,Tablet,UK,11789
2022,Q4,Month-10,Tablet,Germany,33184
2022,Q4,Month-10,Tablet,France,2120
2022,Q4,Month-10,Tablet,Japan,45028
2022,Q4,Month-10,Headphones,USA,33154
2022,Q4,Month-10,Headphones,UK,18334
2022,Q4,Month-10,Headphones,Germany,3336
2022,Q4,Month-10,Headphones,France,39141
2022,Q4,Month-10,Headphones,Japan,3243
2022,Q4,Month-10,Smartwatch,USA,20029
2022,Q4,Month-10,Smartwatch,UK,33265
2022,Q4,Month-10,Smartwatch,Germany,38380
2022,Q4,Month-10,Smartwatch,France,47714
2022,Q4,Month-10,Smartwatch,Japan,44872
2022,Q4,Month-11,Laptop,USA,47197
2022,Q4,Month-11,Laptop,UK,24710
2022,Q4,Month-11,Laptop,Germany,30486
2022,Q4,Month-11,Laptop,France,7371
2022,Q4,Month-11,Laptop,Japan,7359
2022,Q4,Month-11,Smartphone,USA,41631
2022,Q4,Month-11,Smartphone,UK,36996
2022,Q4,Month-11,Smartphone,Germany,21103
2022,Q4,Month-11,Smartphone,France,15382
2022,Q4,Month-11,Smartphone,Japan,19755
2022,Q4,Month-11,Tablet,USA,36659
2022,Q4,Month-11,Tablet,UK,4756
2022,Q4,Month-11,Tablet,Germany,21609
2022,Q4,Month-11,Tablet,France,49538
2022,Q4,Month-11,Tablet,Japan,17478
2022,Q4,Month-11,Headphones,USA,36442
2022,Q4,Month-11,Headphones,UK,40666
2022,Q4,Month-11,Headphones,Germany,11147
2022,Q4,Month-11,Headphones,France,34561
2022,Q4,Month-11,Headphones,Japan,35884
2022,Q4,Month-11,Smartwatch,USA,6779
2022,Q4,Month-11,Smartwatch,UK,13298
2022,Q4,Month-11,Smartwatch,Germany,15153
2022,Q4,Month-11,Smartwatch,France,44879
2022,Q4,Month-11,Smartwatch,Japan,11789
2022,Q4,Month-12,Laptop,USA,45165
2022,Q4,Month-12,Laptop,UK,13999
2022,Q4,Month-12,Laptop,Germany,1814
2022,Q4,Month-12,Laptop,France,11541
2022,Q4,Month-12,Laptop,Japan,25938
2022,Q4,Month-12,Smartphone,USA,3443
2022,Q4,Month-12,Smartphone,UK,11457
2022,Q4,Month-12,Smartphone,Germany,11380
2022,Q4,Month-12,Smartphone,France,8783
2022,Q4,Month-12,Smartphone,Japan,45241
2022,Q4,Month-12,Tablet,USA,18368
2022,Q4,Month-12,Tablet,UK,16328
2022,Q4,Month-12,Tablet,Germany,27215
2022,Q4,Month-12,Tablet,France,34595
2022,Q4,Month-12,Tablet,Japan,28306
2022,Q4,Month-12,Headphones,USA,20915
2022,Q4,Month-12,Headphones,UK,40915
2022,Q4,Month-12,Headphones,Germany,38219
2022,Q4,Month-12,Headphones,France,16343
2022,Q4,Month-12,Headphones,Japan,47403
2022,Q4,Month-12,Smartwatch,USA,39727
2022,Q4,Month-12,Smartwatch,UK,1126
2022,Q4,Month-12,Smartwatch,Germany,28632
2022,Q4,Month-12,Smartwatch,France,42563
2022,Q4,Month-12,Smartwatch,Japan,45409
2023,Q1,Month-1,Laptop,USA,21530
2023,Q1,Month-1,Laptop,UK,40964
2023,Q1,Month-1,Laptop,Germany,45327
2023,Q1,Month-1,Laptop,France,4368
2023,Q1,Month-1,Laptop,Japan,4797
2023,Q1,Month-1,Smartphone,USA,48882
2023,Q1,Month-1,Smartphone,UK,14718
2023,Q1,Month-1,Smartphone,Germany,35560
2023,Q1,Month-1,Smartphone,France,12053
2023,Q1,Month-1,Smartphone,Japan,23116
2023,Q1,Month-1,Tablet,USA,37244
2023,Q1,Month-1,Tablet,UK,37185
2023,Q1,Month-1,Tablet,Germany,2645
2023,Q1,Month-1,Tablet,France,48523
2023,Q1,Month-1,Tablet,Japan,20256
2023,Q1,Month-1,Headphones,USA,36840
2023,Q1,Month-1,Headphones,UK,35622
2023,Q1,Month-1,Headphones,Germany,38430
2023,Q1,Month-1,Headphones,France,40282
2023,Q1,Month-1,Headphones,Japan,3708
2023,Q1,Month-1,Smartwatch,USA,12694
2023,Q1,Month-1,Smartwatch,UK,10524
2023,Q1,Month-1,Smartwatch,Germany,32880
2023,Q1,Month-1,Smartwatch,France,40224
2023,Q1,Month-1,Smartwatch,Japan,37980
2023,Q1,Month-2,Laptop,USA,33409
2023,Q1,Month-2,Laptop,UK,14224
2023,Q1,Month-2,Laptop,Germany,41738
2023,Q1,Month-2,Laptop,France,26150
2023,Q1,Month-2,Laptop,Japan,35393
2023,Q1,Month-2,Smartphone,USA,44082
2023,Q1,Month-2,Smartphone,UK,8973
2023,Q1,Month-2,Smartphone,Germany,9577
2023,Q1,Month-2,Smartphone,France,9070
2023,Q1,Month-2,Smartphone,Japan,9666
2023,Q1,Month-2,Tablet,USA,37368
2023,Q1,Month-2,Tablet,UK,7783
2023,Q1,Month-2,Tablet,Germany,46994
2023,Q1,Month-2,Tablet,France,42914
2023,Q1,Month-2,Tablet,Japan,5971
2023,Q1,Month-2,Headphones,USA,14490
2023,Q1,Month-2,Headphones,UK,46719
2023,Q1,Month-2,Headphones,Germany,46080
2023,Q1,Month-2,Headphones,France,2990
2023,Q1,Month-2,Headphones,Japan,6299
2023,Q1,Month-2,Smartwatch,USA,46765
2023,Q1,Month-2,Smartwatch,UK,20956
2023,Q1,Month-2,Smartwatch,Germany,23359
2023,Q1,Month-2,Smartwatch,France,47240
2023,Q1,Month-2,Smartwatch,Japan,38148
2023,Q1,Month-3,Laptop,USA,29734
2023,Q1,Month-3,Laptop,UK,5757
2023,Q1,Month-3,Laptop,Germany,20097
2023,Q1,Month-3,Laptop,France,11395
2023,Q1,Month-3,Laptop,Japan,17241
2023,Q1,Month-3,Smartphone,USA,39356
2023,Q1,Month-3,Smartphone,UK,28696
2023,Q1,Month-3,Smartphone,Germany,5944
2023,Q1,Month-3,Smartphone,France,47163
2023,Q1,Month-3,Smartphone,Japan,20816
2023,Q1,Month-3,Tablet,USA,38011
2023,Q1,Month-3,Tablet,UK,25917
2023,Q1,Month-3,Tablet,Germany,32195
2023,Q1,Month-3,Tablet,France,22566
2023,Q1,Month-3,Tablet,Japan,10916
2023,Q1,Month-3,Headphones,USA,21806
2023,Q1,Month-3,Headphones,UK,10984
2023,Q1,Month-3,Headphones,Germany,2759
2023,Q1,Month-3,Headphones,France,42949
2023,Q1,Month-3,Headphones,Japan,27838
2023,Q1,Month-3,Smartwatch,USA,3482
2023,Q1,Month-3,Smartwatch,UK,25442
2023,Q1,Month-3,Smartwatch,Germany,34719
2023,Q1,Month-3,Smartwatch,France,28965
2023,Q1,Month-3,Smartwatch,Japan,3079
2023,Q1,Month-4,Laptop,USA,3717
2023,Q1,Month-4,Laptop,UK,28952
2023,Q1,Month-4,Laptop,Germany,21908
2023,Q1,Month-4,Laptop,France,43460
2023,Q1,Month-4,Laptop,Japan,25861
2023,Q1,Month-4,Smartphone,USA,8311
2023,Q1,Month-4,Smartphone,UK,29071
2023,Q1,Month-4,Smartphone,Germany,24570
2023,Q1,Month-4,Smartphone,France,19449
2023,Q1,Month-4,Smartphone,Japan,34536
2023,Q1,Month-4,Tablet,USA,39258
2023,Q1,Month-4,Tablet,UK,49302
2023,Q1,Month-4,Tablet,Germany,29865
2023,Q1,Month-4,Tablet,France,7645
2023,Q1,Month-4,Tablet,Japan,39000
2023,Q1,Month-4,Headphones,USA,27737
2023,Q1,Month-4,Headphones,UK,12485
2023,Q1,Month-4,Headphones,Germany,39565
2023,Q1,Month-4,Headphones,France,26522
2023,Q1,Month-4,Headphones,Japan,13342
2023,Q1,Month-4,Smartwatch,USA,41806
2023,Q1,Month-4,Smartwatch,UK,49770
2023,Q1,Month-4,Smartwatch,Germany,14087
2023,Q1,Month-4,Smartwatch,France,38641
2023,Q1,Month-4,Smartwatch,Japan,35249
2023,Q1,Month-5,Laptop,USA,11093
2023,Q1,Month-5,Laptop,UK,48190
2023,Q1,Month-5,Laptop,Germany,17438
2023,Q1,Month-5,Laptop,France,41411
2023,Q1,Month-5,Laptop,Japan,27399
2023,Q1,Month-5,Smartphone,USA,20846
2023,Q1,Month-5,Smartphone,UK,16708
2023,Q1,Month-5,Smartphone,Germany,45039
2023,Q1,Month-5,Smartphone,France,46368
2023,Q1,Month-5,Smartphone,Japan,11998
2023,Q1,Month-5,Tablet,USA,48063
2023,Q1,Month-5,Tablet,UK,31678
2023,Q1,Month-5,Tablet,Germany,11682
2023,Q1,Month-5,Tablet,France,9519
2023,Q1,Month-5,Tablet,Japan,32480
2023,Q1,Month-5,Headphones,USA,20694
2023,Q1,Month-5,Headphones,UK,4300
2023,Q1,Month-5,Headphones,Germany,7722
2023,Q1,Month-5,Headphones,France,40986
2023,Q1,Month-5,Headphones,Japan,25160
2023,Q1,Month-5,Smartwatch,USA,21059
2023,Q1,Month-5,Smartwatch,UK,36822
2023,Q1,Month-5,Smartwatch,Germany,14575
2023,Q1,Month-5,Smartwatch,France,8970
2023,Q1,Month-5,Smartwatch,Japan,35911
2023,Q1,Month-6,Laptop,USA,22591
2023,Q1,Month-6,Laptop,UK,32821
2023,Q1,Month-6,Laptop,Germany,10503
2023,Q1,Month-6,Laptop,France,48917
2023,Q1,Month-6,Laptop,Japan,19922
2023,Q1,Month-6,Smartphone,USA,13175
2023,Q1,Month-6,Smartphone,UK,42124
2023,Q1,Month-6,Smartphone,Germany,22389
2023,Q1,Month-6,Smartphone,France,48838
2023,Q1,Month-6,Smartphone,Japan,1822
2023,Q1,Month-6,Tablet,USA,18327
2023,Q1,Month-6,Tablet,UK,48057
2023,Q1,Month-6,Tablet,Germany,7150
2023,Q1,Month-6,Tablet,France,5425
2023,Q1,Month-6,Tablet,Japan,17032
2023,Q1,Month-6,Headphones,USA,3198
2023,Q1,Month-6,Headphones,UK,21079
2023,Q1,Month-6,Headphones,Germany,37220
2023,Q1,Month-6,Headphones,France,42874
2023,Q1,Month-6,Headphones,Japan,14859
2023,Q1,Month-6,Smartwatch,USA,32419
2023,Q1,Month-6,Smartwatch,UK,9705
2023,Q1,Month-6,Smartwatch,Germany,43880
2023,Q1,Month-6,Smartwatch,France,24236
2023,Q1,Month-6,Smartwatch,Japan,23419
2023,Q1,Month-7,Laptop,USA,20978
2023,Q1,Month-7,Laptop,UK,38609
2023,Q1,Month-7,Laptop,Germany,16358
2023,Q1,Month-7,Laptop,France,35177
2023,Q1,Month-7,Laptop,Japan,30378
2023,Q1,Month-7,Smartphone,USA,38334
2023,Q1,Month-7,Smartphone,UK,12382
2023,Q1,Month-7,Smartphone,Germany,15596
2023,Q1,Month-7,Smartphone,France,34572
2023,Q1,Month-7,Smartphone,Japan,14221
2023,Q1,Month-7,Tablet,USA,2279
2023,Q1,Month-7,Tablet,UK,46960
2023,Q1,Month-7,Tablet,Germany,8083
2023,Q1,Month-7,Tablet,France,44861
2023,Q1,Month-7,Tablet,Japan,18771
2023,Q1,Month-7,Headphones,USA,30975
2023,Q1,Month-7,Headphones,UK,46648
2023,Q1,Month-7,Headphones,Germany,49285
2023,Q1,Month-7,Headphones,France,20063
2023,Q1,Month-7,Headphones,Japan,3106
2023,Q1,Month-7,Smartwatch,USA,25557
2023,Q1,Month-7,Smartwatch,UK,49854
2023,Q1,Month-7,Smartwatch,Germany,21607
2023,Q1,Month-7,Smartwatch,France,38599
2023,Q1,Month-7,Smartwatch,Japan,29529
2023,Q1,Month-8,Laptop,USA,36954
2023,Q1,Month-8,Laptop,UK,28856
2023,Q1,Month-8,Laptop,Germany,3573
2023,Q1,Month-8,Laptop,France,13808
2023,Q1,Month-8,Laptop,Japan,36367
2023,Q1,Month-8,Smartphone,USA,37801
2023,Q1,Month-8,Smartphone,UK,42196
2023,Q1,Month-8,Smartphone,Germany,35072
2023,Q1,Month-8,Smartphone,France,24752
2023,Q1,Month-8,Smartphone,Japan,18685
2023,Q1,Month-8,Tablet,USA,42401
2023,Q1,Month-8,Tablet,UK,12372
2023,Q1,Month-8,Tablet,Germany,9996
2023,Q1,Month-8,Tablet,France,17458
2023,Q1,Month-8,Tablet,Japan,32889
2023,Q1,Month-8,Headphones,USA,27665
2023,Q1,Month-8,Headphones,UK,39243
2023,Q1,Month-8,Headphones,Germany,32653
2023,Q1,Month-8,Headphones,France,27657
2023,Q1,Month-8,Headphones,Japan,40952
2023,Q1,Month-8,Smartwatch,USA,23180
2023,Q1,Month-8,Smartwatch,UK,32896
2023,Q1,Month-8,Smartwatch,Germany,13875
2023,Q1,Month-8,Smartwatch,France,2622
2023,Q1,Month-8,Smartwatch,Japan,49756
2023,Q1,Month-9,Laptop,USA,41809
2023,Q1,Month-9,Laptop,UK,17725
2023,Q1,Month-9,Laptop,Germany,41760
2023,Q1,Month-9,Laptop,France,16646
2023,Q1,Month-9,Laptop,Japan,18029
2023,Q1,Month-9,Smartphone,USA,30402
2023,Q1,Month-9,Smartphone,UK,5263
2023,Q1,Month-9,Smartphone,Germany,31987
2023,Q1,Month-9,Smartphone,France,47828
2023,Q1,Month-9,Smartphone,Japan,48924
2023,Q1,Month-9,Tablet,USA,9646
2023,Q1,Month-9,Tablet,UK,28529
2023,Q1,Month-9,Tablet,Germany,12664
2023,Q1,Month-9,Tablet,France,36737
2023,Q1,Month-9,Tablet,Japan,36796
2023,Q1,Month-9,Headphones,USA,25027
2023,Q1,Month-9,Headphones,UK,30373
2023,Q1,Month-9,Headphones,Germany,37397
2023,Q1,Month-9,Headphones,France,21609
2023,Q1,Month-9,Headphones,Japan,36835
2023,Q1,Month-9,Smartwatch,USA,39709
2023,Q1,Month-9,Smartwatch,UK,20250
2023,Q1,Month-9,Smartwatch,Germany,22172
2023,Q1,Month-9,Smartwatch,France,12555
2023,Q1,Month-9,Smartwatch,Japan,22874
2023,Q1,Month-10,Laptop,USA,14081
2023,Q1,Month-10,Laptop,UK,25063
2023,Q1,Month-10,Laptop,Germany,7819
2023,Q1,Month-10,Laptop,France,26712
2023,Q1,Month-10,Laptop,Japan,25762
2023,Q1,Month-10,Smartphone,USA,12046
2023,Q1,Month-10,Smartphone,UK,32463
2023,Q1,Month-10,Smartphone,Germany,29769
2023,Q1,Month-10,Smartphone,France,24150
2023,Q1,Month-10,Smartphone,Japan,3711
2023,Q1,Month-10,Tablet,USA,5853
2023,Q1,Month-10,Tablet,UK,30077
2023,Q1,Month-10,Tablet,Germany,24863
2023,Q1,Month-10,Tablet,France,22792
2023,Q1,Month-10,Tablet,Japan,41483
2023,Q1,Month-10,Headphones,USA,9942
2023,Q1,Month-10,Headphones,UK,49275
2023,Q1,Month-10,Headphones,Germany,49594
2023,Q1,Month-10,Headphones,France,2762
2023,Q1,Month-10,Headphones,Japan,32987
2023,Q1,Month-10,Smartwatch,USA,16850
2023,Q1,Month-10,Smartwatch,UK,13112
2023,Q1,Month-10,Smartwatch,Germany,25058
2023,Q1,Month-10,Smartwatch,France,46420
2023,Q1,Month-10,Smartwatch,Japan,39890
2023,Q1,Month-11,Laptop,USA,1481
2023,Q1,Month-11,Laptop,UK,48304
2023,Q1,Month-11,Laptop,Germany,33921
2023,Q1,Month-11,Laptop,France,41385
2023,Q1,Month-11,Laptop,Japan,2524
2023,Q1,Month-11,Smartphone,USA,35888
2023,Q1,Month-11,Smartphone,UK,16048
2023,Q1,Month-11,Smartphone,Germany,36111
2023,Q1,Month-11,Smartphone,France,38904
2023,Q1,Month-11,Smartphone,Japan,35008
2023,Q1,Month-11,Tablet,USA,1060
2023,Q1,Month-11,Tablet,UK,10130
2023,Q1,Month-11,Tablet,Germany,19023
2023,Q1,Month-11,Tablet,France,46080
2023,Q1,Month-11,Tablet,Japan,14350
2023,Q1,Month-11,Headphones,USA,25354
2023,Q1,Month-11,Headphones,UK,46186
2023,Q1,Month-11,Headphones,Germany,29145
2023,Q1,Month-11,Headphones,France,35020
2023,Q1,Month-11,Headphones,Japan,21587
2023,Q1,Month-11,Smartwatch,USA,42131
2023,Q1,Month-11,Smartwatch,UK,10650
2023,Q1,Month-11,Smartwatch,Germany,20933
2023,Q1,Month-11,Smartwatch,France,21581
2023,Q1,Month-11,Smartwatch,Japan,24393
2023,Q1,Month-12,Laptop,USA,24051
2023,Q1,Month-12,Laptop,UK,27212
2023,Q1,Month-12,Laptop,Germany,5090
2023,Q1,Month-12,Laptop,France,7960
2023,Q1,Month-12,Laptop,Japan,36772
2023,Q1,Month-12,Smartphone,USA,22520
2023,Q1,Month-12,Smartphone,UK,37408
2023,Q1,Month-12,Smartphone,Germany,29470
2023,Q1,Month-12,Smartphone,France,21491
2023,Q1,Month-12,Smartphone,Japan,2341
2023,Q1,Month-12,Tablet,USA,45623
2023,Q1,Month-12,Tablet,UK,25791
2023,Q1,Month-12,Tablet,Germany,1338
2023,Q1,Month-12,Tablet,France,6895
2023,Q1,Month-12,Tablet,Japan,13254
2023,Q1,Month-12,Headphones,USA,12344
2023,Q1,Month-12,Headphones,UK,2750
2023,Q1,Month-12,Headphones,Germany,3421
2023,Q1,Month-12,Headphones,France,40887
2023,Q1,Month-12,Headphones,Japan,6319
2023,Q1,Month-12,Smartwatch,USA,16896
2023,Q1,Month-12,Smartwatch,UK,12918
2023,Q1,Month-12,Smartwatch,Germany,26064
2023,Q1,Month-12,Smartwatch,France,47617
2023,Q1,Month-12,Smartwatch,Japan,28935
2023,Q2,Month-1,Laptop,USA,38641
2023,Q2,Month-1,Laptop,UK,30711
2023,Q2,Month-1,Laptop,Germany,5806
2023,Q2,Month-1,Laptop,France,42360
2023,Q2,Month-1,Laptop,Japan,13182
2023,Q2,Month-1,Smartphone,USA,23297
2023,Q2,Month-1,Smartphone,UK,20541
2023,Q2,Month-1,Smartphone,Germany,29921
2023,Q2,Month-1,Smartphone,France,17774
2023,Q2,Month-1,Smartphone,Japan,45813
2023,Q2,Month-1,Tablet,USA,38198
2023,Q2,Month-1,Tablet,UK,9820
2023,Q2,Month-1,Tablet,Germany,25070
2023,Q2,Month-1,Tablet,France,5232
2023,Q2,Month-1,Tablet,Japan,12122
2023,Q2,Month-1,Headphones,USA,16023
2023,Q2,Month-1,Headphones,UK,9007
2023,Q2,Month-1,Headphones,Germany,18905
2023,Q2,Month-1,Headphones,France,42786
2023,Q2,Month-1,Headphones,Japan,30398
2023,Q2,Month-1,Smartwatch,USA,35268
2023,Q2,Month-1,Smartwatch,UK,7737
2023,Q2,Month-1,Smartwatch,Germany,37062
2023,Q2,Month-1,Smartwatch,France,26510
2023,Q2,Month-1,Smartwatch,Japan,20426
2023,Q2,Month-2,Laptop,USA,38265
2023,Q2,Month-2,Laptop,UK,18850
2023,Q2,Month-2,Laptop,Germany,1614
2023,Q2,Month-2,Laptop,France,22776
2023,Q2,Month-2,Laptop,Japan,25077
2023,Q2,Month-2,Smartphone,USA,10374
2023,Q2,Month-2,Smartphone,UK,36435
2023,Q2,Month-2,Smartphone,Germany,31907
2023,Q2,Month-2,Smartphone,France,14409
2023,Q2,Month-2,Smartphone,Japan,17514
2023,Q2,Month-2,Tablet,USA,30866
2023,Q2,Month-2,Tablet,UK,3983
2023,Q2,Month-2,Tablet,Germany,32705
2023,Q2,Month-2,Tablet,France,21662
2023,Q2,Month-2,Tablet,Japan,24510
2023,Q2,Month-2,Headphones,USA,13651
2023,Q2,Month-2,Headphones,UK,41998
2023,Q2,Month-2,Headphones,Germany,29535
2023,Q2,Month-2,Headphones,France,7640
2023,Q2,Month-2,Headphones,Japan,45547
2023,Q2,Month-2,Smartwatch,USA,16317
2023,Q2,Month-2,Smartwatch,UK,8564
2023,Q2,Month-2,Smartwatch,Germany,28345
2023,Q2,Month-2,Smartwatch,France,49288
2023,Q2,Month-2,Smartwatch,Japan,29687
2023,Q2,Month-3,Laptop,USA,14737
2023,Q2,Month-3,Laptop,UK,10323
2023,Q2,Month-3,Laptop,Germany,16229
2023,Q2,Month-3,Laptop,France,45481
2023,Q2,Month-3,Laptop,Japan,9502
2023,Q2,Month-3,Smartphone,USA,1545
2023,Q2,Month-3,Smartphone,UK,38114
2023,Q2,Month-3,Smartphone,Germany,30430
2023,Q2,Month-3,Smartphone,France,10996
2023,Q2,Month-3,Smartphone,Japan,28788
2023,Q2,Month-3,Tablet,USA,30969
2023,Q2,Month-3,Tablet,UK,49543
2023,Q2,Month-3,Tablet,Germany,14919
2023,Q2,Month-3,Tablet,France,4810
2023,Q2,Month-3,Tablet,Japan,31586
2023,Q2,Month-3,Headphones,USA,40974
2023,Q2,Month-3,Headphones,UK,42773
2023,Q2,Month-3,Headphones,Germany,17371
2023,Q2,Month-3,Headphones,France,46084
2023,Q2,Month-3,Headphones,Japan,30629
2023,Q2,Month-3,Smartwatch,USA,9436
2023,Q2,Month-3,Smartwatch,UK,13984
2023,Q2,Month-3,Smartwatch,Germany,34039
2023,Q2,Month-3,Smartwatch,France,20895
2023,Q2,Month-3,Smartwatch,Japan,19155
2023,Q2,Month-4,Laptop,USA,11616
2023,Q2,Month-4,Laptop,UK,38129
2023,Q2,Month-4,Laptop,Germany,40837
2023,Q2,Month-4,Laptop,France,25574
2023,Q2,Month-4,Laptop,Japan,4430
2023,Q2,Month-4,Smartphone,USA,13676
2023,Q2,Month-4,Smartphone,UK,11816
2023,Q2,Month-4,Smartphone,Germany,33733
2023,Q2,Month-4,Smartphone,France,21144
2023,Q2,Month-4,Smartphone,Japan,3050
2023,Q2,Month-4,Tablet,USA,45460
2023,Q2,Month-4,Tablet,UK,34933
2023,Q2,Month-4,Tablet,Germany,25951
2023,Q2,Month-4,Tablet,France,33413
2023,Q2,Month-4,Tablet,Japan,35801
2023,Q2,Month-4,Headphones,USA,33913
2023,Q2,Month-4,Headphones,UK,48037
2023,Q2,Month-4,Headphones,Germany,41600
2023,Q2,Month-4,Headphones,France,26280
2023,Q2,Month-4,Headphones,Japan,25557
2023,Q2,Month-4,Smartwatch,USA,48054
2023,Q2,Month-4,Smartwatch,UK,36400
2023,Q2,Month-4,Smartwatch,Germany,5494
2023,Q2,Month-4,Smartwatch,France,16152
2023,Q2,Month-4,Smartwatch,Japan,24895
2023,Q2,Month-5,Laptop,USA,10155
2023,Q2,Month-5,Laptop,UK,32883
2023,Q2,Month-5,Laptop,Germany,44194
2023,Q2,Month-5,Laptop,France,44001
2023,Q2,Month-5,Laptop,Japan,2828
2023,Q2,Month-5,Smartphone,USA,46028
2023,Q2,Month-5,Smartphone,UK,42898
2023,Q2,Month-5,Smartphone,Germany,33123
2023,Q2,Month-5,Smartphone,France,38573
2023,Q2,Month-5,Smartphone,Japan,1806
2023,Q2,Month-5,Tablet,USA,41970
2023,Q2,Month-5,Tablet,UK,30757
2023,Q2,Month-5,Tablet,Germany,35636
2023,Q2,Month-5,Tablet,France,15561
2023,Q2,Month-5,Tablet,Japan,49280
2023,Q2,Month-5,Headphones,USA,25262
2023,Q2,Month-5,Headphones,UK,15899
2023,Q2,Month-5,Headphones,Germany,49988
2023,Q2,Month-5,Headphones,France,16934
2023,Q2,Month-5,Headphones,Japan,39197
2023,Q2,Month-5,Smartwatch,USA,42844
2023,Q2,Month-5,Smartwatch,UK,37332
2023,Q2,Month-5,Smartwatch,Germany,35157
2023,Q2,Month-5,Smartwatch,France,12593
2023,Q2,Month-5,Smartwatch,Japan,41042
2023,Q2,Month-6,Laptop,USA,18320
2023,Q2,Month-6,Laptop,UK,28376
2023,Q2,Month-6,Laptop,Germany,44513
2023,Q2,Month-6,Laptop,France,15199
2023,Q2,Month-6,Laptop,Japan,16876
2023,Q2,Month-6,Smartphone,USA,9245
2023,Q2,Month-6,Smartphone,UK,8214
2023,Q2,Month-6,Smartphone,Germany,1726
2023,Q2,Month-6,Smartphone,France,47600
2023,Q2,Month-6,Smartphone,Japan,12362
2023,Q2,Month-6,Tablet,USA,19297
2023,Q2,Month-6,Tablet,UK,31448
2023,Q2,Month-6,Tablet,Germany,27172
2023,Q2,Month-6,Tablet,France,43874
2023,Q2,Month-6,Tablet,Japan,8657
2023,Q2,Month-6,Headphones,USA,19850
2023,Q2,Month-6,Headphones,UK,26425
2023,Q2,Month-6,Headphones,Germany,27685
2023,Q2,Month-6,Headphones,France,48319
2023,Q2,Month-6,Headphones,Japan,25578
2023,Q2,Month-6,Smartwatch,USA,29831
2023,Q2,Month-6,Smartwatch,UK,8906
2023,Q2,Month-6,Smartwatch,Germany,8287
2023,Q2,Month-6,Smartwatch,France,34660
2023,Q2,Month-6,Smartwatch,Japan,11222
2023,Q2,Month-7,Laptop,USA,38443
2023,Q2,Month-7,Laptop,UK,35701
2023,Q2,Month-7,Laptop,Germany,18764
2023,Q2,Month-7,Laptop,France,45641
2023,Q2,Month-7,Laptop,Japan,18674
2023,Q2,Month-7,Smartphone,USA,19024
2023,Q2,Month-7,Smartphone,UK,47007
2023,Q2,Month-7,Smartphone,Germany,24874
2023,Q2,Month-7,Smartphone,France,44642
2023,Q2,Month-7,Smartphone,Japan,33284
2023,Q2,Month-7,Tablet,USA,18602
2023,Q2,Month-7,Tablet,UK,38784
2023,Q2,Month-7,Tablet,Germany,24265
2023,Q2,Month-7,Tablet,France,26931
2023,Q2,Month-7,Tablet,Japan,29841
2023,Q2,Month-7,Headphones,USA,30192
2023,Q2,Month-7,Headphones,UK,47542
2023,Q2,Month-7,Headphones,Germany,43520
2023,Q2,Month-7,Headphones,France,16585
2023,Q2,Month-7,Headphones,Japan,26559
2023,Q2,Month-7,Smartwatch,USA,41059
2023,Q2,Month-7,Smartwatch,UK,34742
2023,Q2,Month-7,Smartwatch,Germany,5133
2023,Q2,Month-7,Smartwatch,France,15663
2023,Q2,Month-7,Smartwatch,Japan,22754
2023,Q2,Month-8,Laptop,USA,4972
2023,Q2,Month-8,Laptop,UK,6295
2023,Q2,Month-8,Laptop,Germany,47681
2023,Q2,Month-8,Laptop,France,42873
2023,Q2,Month-8,Laptop,Japan,30125
2023,Q2,Month-8,Smartphone,USA,41996
2023,Q2,Month-8,Smartphone,UK,10903
2023,Q2,Month-8,Smartphone,Germany,4020
2023,Q2,Month-8,Smartphone,France,42755
2023,Q2,Month-8,Smartphone,Japan,21420
2023,Q2,Month-8,Tablet,USA,22452
2023,Q2,Month-8,Tablet,UK,46648
2023,Q2,Month-8,Tablet,Germany,39001
2023,Q2,Month-8,Tablet,France,10516
2023,Q2,Month-8,Tablet,Japan,48327
2023,Q2,Month-8,Headphones,USA,3396
2023,Q2,Month-8,Headphones,UK,19546
2023,Q2,Month-8,Headphones,Germany,20129
2023,Q2,Month-8,Headphones,France,2591
2023,Q2,Month-8,Headphones,Japan,12303
2023,Q2,Month-8,Smartwatch,USA,31561
2023,Q2,Month-8,Smartwatch,UK,7183
2023,Q2,Month-8,Smartwatch,Germany,27572
2023,Q2,Month-8,Smartwatch,France,35080
2023,Q2,Month-8,Smartwatch,Japan,21695
2023,Q2,Month-9,Laptop,USA,8314
2023,Q2,Month-9,Laptop,UK,20623
2023,Q2,Month-9,Laptop,Germany,3139
2023,Q2,Month-9,Laptop,France,48456
2023,Q2,Month-9,Laptop,Japan,32290
2023,Q2,Month-9,Smartphone,USA,19088
2023,Q2,Month-9,Smartphone,UK,40692
2023,Q2,Month-9,Smartphone,Germany,34130
2023,Q2,Month-9,Smartphone,France,33088
2023,Q2,Month-9,Smartphone,Japan,27292
2023,Q2,Month-9,Tablet,USA,47249
2023,Q2,Month-9,Tablet,UK,21670
2023,Q2,Month-9,Tablet,Germany,4738
2023,Q2,Month-9,Tablet,France,3469
2023,Q2,Month-9,Tablet,Japan,23534
2023,Q2,Month-9,Headphones,USA,49874
2023,Q2,Month-9,Headphones,UK,10017
2023,Q2,Month-9,Headphones,Germany,3808
2023,Q2,Month-9,Headphones,France,48638
2023,Q2,Month-9,Headphones,Japan,13713
2023,Q2,Month-9,Smartwatch,USA,41329
2023,Q2,Month-9,Smartwatch,UK,3719
2023,Q2,Month-9,Smartwatch,Germany,23890
2023,Q2,Month-9,Smartwatch,France,12700
2023,Q2,Month-9,Smartwatch,Japan,37509
2023,Q2,Month-10,Laptop,USA,43534
2023,Q2,Month-10,Laptop,UK,37766
2023,Q2,Month-10,Laptop,Germany,27705
2023,Q2,Month-10,Laptop,France,19787
2023,Q2,Month-10,Laptop,Japan,49845
2023,Q2,Month-10,Smartphone,USA,27588
2023,Q2,Month-10,Smartphone,UK,27123
2023,Q2,Month-10,Smartphone,Germany,34062
2023,Q2,Month-10,Smartphone,France,11177
2023,Q2,Month-10,Smartphone,Japan,22727
2023,Q2,Month-10,Tablet,USA,31220
2023,Q2,Month-10,Tablet,UK,10882
2023,Q2,Month-10,Tablet,Germany,2136
2023,Q2,Month-10,Tablet,France,35832
2023,Q2,Month-10,Tablet,Japan,32966
2023,Q2,Month-10,Headphones,USA,8009
2023,Q2,Month-10,Headphones,UK,13987
2023,Q2,Month-10,Headphones,Germany,38311
2023,Q2,Month-10,Headphones,France,32575
2023,Q2,Month-10,Headphones,Japan,2007
2023,Q2,Month-10,Smartwatch,USA,6445
2023,Q2,Month-10,Smartwatch,UK,11706
2023,Q2,Month-10,Smartwatch,Germany,48517
2023,Q2,Month-10,Smartwatch,France,45486
2023,Q2,Month-10,Smartwatch,Japan,30257
2023,Q2,Month-11,Laptop,USA,22736
2023,Q2,Month-11,Laptop,UK,43207
2023,Q2,Month-11,Laptop,Germany,14281
2023,Q2,Month-11,Laptop,France,2435
2023,Q2,Month-11,Laptop,Japan,34339
2023,Q2,Month-11,Smartphone,USA,36150
2023,Q2,Month-11,Smartphone,UK,26821
2023,Q2,Month-11,Smartphone,Germany,27660
2023,Q2,Month-11,Smartphone,France,6084
2023,Q2,Month-11,Smartphone,Japan,17661
2023,Q2,Month-11,Tablet,USA,14507
2023,Q2,Month-11,Tablet,UK,8059
2023,Q2,Month-11,Tablet,Germany,19271
2023,Q2,Month-11,Tablet,France,46539
2023,Q2,Month-11,Tablet,Japan,8491
2023,Q2,Month-11,Headphones,USA,48295
2023,Q2,Month-11,Headphones,UK,15859
2023,Q2,Month-11,Headphones,Germany,9073
2023,Q2,Month-11,Headphones,France,10077
2023,Q2,Month-11,Headphones,Japan,21953
2023,Q2,Month-11,Smartwatch,USA,12383
2023,Q2,Month-11,Smartwatch,UK,3353
2023,Q2,Month-11,Smartwatch,Germany,24821
2023,Q2,Month-11,Smartwatch,France,38567
2023,Q2,Month-11,Smartwatch,Japan,25860
2023,Q2,Month-12,Laptop,USA,22195
2023,Q2,Month-12,Laptop,UK,12939
2023,Q2,Month-12,Laptop,Germany,26338
2023,Q2,Month-12,Laptop,France,22730
2023,Q2,Month-12,Laptop,Japan,22427
2023,Q2,Month-12,Smartphone,USA,36196
2023,Q2,Month-12,Smartphone,UK,28083
2023,Q2,Month-12,Smartphone,Germany,22510
2023,Q2,Month-12,Smartphone,France,45064
2023,Q2,Month-12,Smartphone,Japan,8813
2023,Q2,Month-12,Tablet,USA,32598
2023,Q2,Month-12,Tablet,UK,48182
2023,Q2,Month-12,Tablet,Germany,28570
2023,Q2,Month-12,Tablet,France,28082
2023,Q2,Month-12,Tablet,Japan,30241
2023,Q2,Month-12,Headphones,USA,31678
2023,Q2,Month-12,Headphones,UK,45569
2023,Q2,Month-12,Headphones,Germany,12745
2023,Q2,Month-12,Headphones,France,27029
2023,Q2,Month-12,Headphones,Japan,14025
2023,Q2,Month-12,Smartwatch,USA,37124
2023,Q2,Month-12,Smartwatch,UK,15288
2023,Q2,Month-12,Smartwatch,Germany,24650
2023,Q2,Month-12,Smartwatch,France,7540
2023,Q2,Month-12,Smartwatch,Japan,33232
2023,Q3,Month-1,Laptop,USA,17422
2023,Q3,Month-1,Laptop,UK,4342
2023,Q3,Month-1,Laptop,Germany,42846
2023,Q3,Month-1,Laptop,France,36612
2023,Q3,Month-1,Laptop,Japan,11396
2023,Q3,Month-1,Smartphone,USA,18482
2023,Q3,Month-1,Smartphone,UK,24411
2023,Q3,Month-1,Smartphone,Germany,47766
2023,Q3,Month-1,Smartphone,France,14261
2023,Q3,Month-1,Smartphone,Japan,4093
2023,Q3,Month-1,Tablet,USA,12722
2023,Q3,Month-1,Tablet,UK,23042
2023,Q3,Month-1,Tablet,Germany,45413
2023,Q3,Month-1,Tablet,France,48851
2023,Q3,Month-1,Tablet,Japan,29087
2023,Q3,Month-1,Headphones,USA,33347
2023,Q3,Month-1,Headphones,UK,34756
2023,Q3,Month-1,Headphones,Germany,40214
2023,Q3,Month-1,Headphones,France,17335
2023,Q3,Month-1,Headphones,Japan,29602
2023,Q3,Month-1,Smartwatch,USA,49901
2023,Q3,Month-1,Smartwatch,UK,35450
2023,Q3,Month-1,Smartwatch,Germany,33196
2023,Q3,Month-1,Smartwatch,France,6626
2023,Q3,Month-1,Smartwatch,Japan,8424
2023,Q3,Month-2,Laptop,USA,13857
2023,Q3,Month-2,Laptop,UK,45923
2023,Q3,Month-2,Laptop,Germany,20982
2023,Q3,Month-2,Laptop,France,12425
2023,Q3,Month-2,Laptop,Japan,2980
2023,Q3,Month-2,Smartphone,USA,49290
2023,Q3,Month-2,Smartphone,UK,27431
2023,Q3,Month-2,Smartphone,Germany,20440
2023,Q3,Month-2,Smartphone,France,42752
2023,Q3,Month-2,Smartphone,Japan,18175
2023,Q3,Month-2,Tablet,USA,49651
2023,Q3,Month-2,Tablet,UK,27385
2023,Q3,Month-2,Tablet,Germany,39158
2023,Q3,Month-2,Tablet,France,24019
2023,Q3,Month-2,Tablet,Japan,19639
2023,Q3,Month-2,Headphones,USA,20994
2023,Q3,Month-2,Headphones,UK,35375
2023,Q3,Month-2,Headphones,Germany,22563
2023,Q3,Month-2,Headphones,France,40341
2023,Q3,Month-2,Headphones,Japan,6776
2023,Q3,Month-2,Smartwatch,USA,37444
2023,Q3,Month-2,Smartwatch,UK,4380
2023,Q3,Month-2,Smartwatch,Germany,9711
2023,Q3,Month-2,Smartwatch,France,9782
2023,Q3,Month-2,Smartwatch,Japan,18434
2023,Q3,Month-3,Laptop,USA,47765
2023,Q3,Month-3,Laptop,UK,21017
2023,Q3,Month-3,Laptop,Germany,31707
2023,Q3,Month-3,Laptop,France,40110
2023,Q3,Month-3,Laptop,Japan,18343
2023,Q3,Month-3,Smartphone,USA,39827
2023,Q3,Month-3,Smartphone,UK,42652
2023,Q3,Month-3,Smartphone,Germany,6655
2023,Q3,Month-3,Smartphone,France,45859
2023,Q3,Month-3,Smartphone,Japan,16251
2023,Q3,Month-3,Tablet,USA,1526
2023,Q3,Month-3,Tablet,UK,4224
2023,Q3,Month-3,Tablet,Germany,48837
2023,Q3,Month-3,Tablet,France,12536
2023,Q3,Month-3,Tablet,Japan,29541
2023,Q3,Month-3,Headphones,USA,14547
2023,Q3,Month-3,Headphones,UK,35531
2023,Q3,Month-3,Headphones,Germany,9712
2023,Q3,Month-3,Headphones,France,39565
2023,Q3,Month-3,Headphones,Japan,10208
2023,Q3,Month-3,Smartwatch,USA,6109
2023,Q3,Month-3,Smartwatch,UK,36201
2023,Q3,Month-3,Smartwatch,Germany,17967
2023,Q3,Month-3,Smartwatch,France,30759
2023,Q3,Month-3,Smartwatch,Japan,21172
2023,Q3,Month-4,Laptop,USA,37935
2023,Q3,Month-4,Laptop,UK,27589
2023,Q3,Month-4,Laptop,Germany,31015
2023,Q3,Month-4,Laptop,France,30009
2023,Q3,Month-4,Laptop,Japan,18773
2023,Q3,Month-4,Smartphone,USA,42125
2023,Q3,Month-4,Smartphone,UK,27143
2023,Q3,Month-4,Smartphone,Germany,7154
2023,Q3,Month-4,Smartphone,France,22804
2023,Q3,Month-4,Smartphone,Japan,42688
2023,Q3,Month-4,Tablet,USA,21581
2023,Q3,Month-4,Tablet,UK,31087
2023,Q3,Month-4,Tablet,Germany,33981
2023,Q3,Month-4,Tablet,France,4762
2023,Q3,Month-4,Tablet,Japan,47167
2023,Q3,Month-4,Headphones,USA,10768
2023,Q3,Month-4,Headphones,UK,44408
2023,Q3,Month-4,Headphones,Germany,40499
2023,Q3,Month-4,Headphones,France,39559
2023,Q3,Month-4,Headphones,Japan,49590
2023,Q3,Month-4,Smartwatch,USA,9783
2023,Q3,Month-4,Smartwatch,UK,47389
2023,Q3,Month-4,Smartwatch,Germany,30781
2023,Q3,Month-4,Smartwatch,France,31811
2023,Q3,Month-4,Smartwatch,Japan,49787
2023,Q3,Month-5,Laptop,USA,36488
2023,Q3,Month-5,Laptop,UK,9905
2023,Q3,Month-5,Laptop,Germany,10127
2023,Q3,Month-5,Laptop,France,23431
2023,Q3,Month-5,Laptop,Japan,7368
2023,Q3,Month-5,Smartphone,USA,28424
2023,Q3,Month-5,Smartphone,UK,47824
2023,Q3,Month-5,Smartphone,Germany,46004
2023,Q3,Month-5,Smartphone,France,19333
2023,Q3,Month-5,Smartphone,Japan,24116
2023,Q3,Month-5,Tablet,USA,48219
2023,Q3,Month-5,Tablet,UK,44201
2023,Q3,Month-5,Tablet,Germany,16525
2023,Q3,Month-5,Tablet,France,24398
2023,Q3,Month-5,Tablet,Japan,33857
2023,Q3,Month-5,Headphones,USA,11361
2023,Q3,Month-5,Headphones,UK,17369
2023,Q3,Month-5,Headphones,Germany,4041
2023,Q3,Month-5,Headphones,France,1105
2023,Q3,Month-5,Headphones,Japan,10078
2023,Q3,Month-5,Smartwatch,USA,26003
2023,Q3,Month-5,Smartwatch,UK,7090
2023,Q3,Month-5,Smartwatch,Germany,39850
2023,Q3,Month-5,Smartwatch,France,2925
2023,Q3,Month-5,Smartwatch,Japan,19440
2023,Q3,Month-6,Laptop,USA,40685
2023,Q3,Month-6,Laptop,UK,27015
2023,Q3,Month-6,Laptop,Germany,34320
2023,Q3,Month-6,Laptop,France,26291
2023,Q3,Month-6,Laptop,Japan,37679
2023,Q3,Month-6,Smartphone,USA,27289
2023,Q3,Month-6,Smartphone,UK,4389
2023,Q3,Month-6,Smartphone,Germany,26683
2023,Q3,Month-6,Smartphone,France,14629
2023,Q3,Month-6,Smartphone,Japan,25826
2023,Q3,Month-6,Tablet,USA,36198
2023,Q3,Month-6,Tablet,UK,27630
2023,Q3,Month-6,Tablet,Germany,34226
2023,Q3,Month-6,Tablet,France,47163
2023,Q3,Month-6,Tablet,Japan,33975
2023,Q3,Month-6,Headphones,USA,1899
2023,Q3,Month-6,Headphones,UK,12653
2023,Q3,Month-6,Headphones,Germany,28961
2023,Q3,Month-6,Headphones,France,17405
2023,Q3,Month-6,Headphones,Japan,9601
2023,Q3,Month-6,Smartwatch,USA,34662
2023,Q3,Month-6,Smartwatch,UK,34282
2023,Q3,Month-6,Smartwatch,Germany,22288
2023,Q3,Month-6,Smartwatch,France,30545
2023,Q3,Month-6,Smartwatch,Japan,37877
2023,Q3,Month-7,Laptop,USA,47026
2023,Q3,Month-7,Laptop,UK,16313
2023,Q3,Month-7,Laptop,Germany,16349
2023,Q3,Month-7,Laptop,France,8179
2023,Q3,Month-7,Laptop,Japan,11326
2023,Q3,Month-7,Smartphone,USA,45555
2023,Q3,Month-7,Smartphone,UK,2560
2023,Q3,Month-7,Smartphone,Germany,14612
2023,Q3,Month-7,Smartphone,France,18650
2023,Q3,Month-7,Smartphone,Japan,27745
2023,Q3,Month-7,Tablet,USA,32890
2023,Q3,Month-7,Tablet,UK,21022
2023,Q3,Month-7,Tablet,Germany,5780
2023,Q3,Month-7,Tablet,France,19311
2023,Q3,Month-7,Tablet,Japan,29380
2023,Q3,Month-7,Headphones,USA,45662
2023,Q3,Month-7,Headphones,UK,3356
2023,Q3,Month-7,Headphones,Germany,5790
2023,Q3,Month-7,Headphones,France,27911
2023,Q3,Month-7,Headphones,Japan,25363
2023,Q3,Month-7,Smartwatch,USA,21049
2023,Q3,Month-7,Smartwatch,UK,11181
2023,Q3,Month-7,Smartwatch,Germany,40825
2023,Q3,Month-7,Smartwatch,France,17082
2023,Q3,Month-7,Smartwatch,Japan,1661
2023,Q3,Month-8,Laptop,USA,38412
2023,Q3,Month-8,Laptop,UK,49479
2023,Q3,Month-8,Laptop,Germany,3920
2023,Q3,Month-8,Laptop,France,26658
2023,Q3,Month-8,Laptop,Japan,49770
2023,Q3,Month-8,Smartphone,USA,15025
2023,Q3,Month-8,Smartphone,UK,9946
2023,Q3,Month-8,Smartphone,Germany,29706
2023,Q3,Month-8,Smartphone,France,46500
2023,Q3,Month-8,Smartphone,Japan,40004
2023,Q3,Month-8,Tablet,USA,17309
2023,Q3,Month-8,Tablet,UK,47286
2023,Q3,Month-8,Tablet,Germany,34120
2023,Q3,Month-8,Tablet,France,31027
2023,Q3,Month-8,Tablet,Japan,8005
2023,Q3,Month-8,Headphones,USA,47804
2023,Q3,Month-8,Headphones,UK,1956
2023,Q3,Month-8,Headphones,Germany,35839
2023,Q3,Month-8,Headphones,France,9595
2023,Q3,Month-8,Headphones,Japan,48908
2023,Q3,Month-8,Smartwatch,USA,13803
2023,Q3,Month-8,Smartwatch,UK,26963
2023,Q3,Month-8,Smartwatch,Germany,37221
2023,Q3,Month-8,Smartwatch,France,40443
2023,Q3,Month-8,Smartwatch,Japan,34723
2023,Q3,Month-9,Laptop,USA,40063
2023,Q3,Month-9,Laptop,UK,49689
2023,Q3,Month-9,Laptop,Germany,16282
2023,Q3,Month-9,Laptop,France,5703
2023,Q3,Month-9,Laptop,Japan,7563
2023,Q3,Month-9,Smartphone,USA,26849
2023,Q3,Month-9,Smartphone,UK,32860
2023,Q3,Month-9,Smartphone,Germany,32585
2023,Q3,Month-9,Smartphone,France,23015
2023,Q3,Month-9,Smartphone,Japan,13003
2023,Q3,Month-9,Tablet,USA,44585
2023,Q3,Month-9,Tablet,UK,27958
2023,Q3,Month-9,Tablet,Germany,27017
2023,Q3,Month-9,Tablet,France,12171
2023,Q3,Month-9,Tablet,Japan,46350
2023,Q3,Month-9,Headphones,USA,13201
2023,Q3,Month-9,Headphones,UK,30426
2023,Q3,Month-9,Headphones,Germany,18778
2023,Q3,Month-9,Headphones,France,46241
2023,Q3,Month-9,Headphones,Japan,43229
2023,Q3,Month-9,Smartwatch,USA,22116
2023,Q3,Month-9,Smartwatch,UK,49364
2023,Q3,Month-9,Smartwatch,Germany,34297
2023,Q3,Month-9,Smartwatch,France,20342
2023,Q3,Month-9,Smartwatch,Japan,28490
2023,Q3,Month-10,Laptop,USA,20975
2023,Q3,Month-10,Laptop,UK,27723
2023,Q3,Month-10,Laptop,Germany,24279
2023,Q3,Month-10,Laptop,France,13765
2023,Q3,Month-10,Laptop,Japan,47678
2023,Q3,Month-10,Smartphone,USA,12561
2023,Q3,Month-10,Smartphone,UK,42899
2023,Q3,Month-10,Smartphone,Germany,1525
2023,Q3,Month-10,Smartphone,France,23861
2023,Q3,Month-10,Smartphone,Japan,34142
2023,Q3,Month-10,Tablet,USA,27916
2023,Q3,Month-10,Tablet,UK,45965
2023,Q3,Month-10,Tablet,Germany,5648
2023,Q3,Month-10,Tablet,France,36133
2023,Q3,Month-10,Tablet,Japan,31523
2023,Q3,Month-10,Headphones,USA,30052
2023,Q3,Month-10,Headphones,UK,35414
2023,Q3,Month-10,Headphones,Germany,33781
2023,Q3,Month-10,Headphones,France,5599
2023,Q3,Month-10,Headphones,Japan,36046
2023,Q3,Month-10,Smartwatch,USA,48064
2023,Q3,Month-10,Smartwatch,UK,36923
2023,Q3,Month-10,Smartwatch,Germany,42089
2023,Q3,Month-10,Smartwatch,France,4814
2023,Q3,Month-10,Smartwatch,Japan,46893
2023,Q3,Month-11,Laptop,USA,36984
2023,Q3,Month-11,Laptop,UK,27616
2023,Q3,Month-11,Laptop,Germany,3113
2023,Q3,Month-11,Laptop,France,44006
2023,Q3,Month-11,Laptop,Japan,14760
2023,Q3,Month-11,Smartphone,USA,22927
2023,Q3,Month-11,Smartphone,UK,21939
2023,Q3,Month-11,Smartphone,Germany,33419
2023,Q3,Month-11,Smartphone,France,13588
2023,Q3,Month-11,Smartphone,Japan,37142
2023,Q3,Month-11,Tablet,USA,40198
2023,Q3,Month-11,Tablet,UK,45738
2023,Q3,Month-11,Tablet,Germany,34397
2023,Q3,Month-11,Tablet,France,17653
2023,Q3,Month-11,Tablet,Japan,11831
2023,Q3,Month-11,Headphones,USA,6724
2023,Q3,Month-11,Headphones,UK,12083
2023,Q3,Month-11,Headphones,Germany,46917
2023,Q3,Month-11,Headphones,France,20816
2023,Q3,Month-11,Headphones,Japan,43240
2023,Q3,Month-11,Smartwatch,USA,7276
2023,Q3,Month-11,Smartwatch,UK,49403
2023,Q3,Month-11,Smartwatch,Germany,39663
2023,Q3,Month-11,Smartwatch,France,14994
2023,Q3,Month-11,Smartwatch,Japan,24499
2023,Q3,Month-12,Laptop,USA,24040
2023,Q3,Month-12,Laptop,UK,44320
2023,Q3,Month-12,Laptop,Germany,17959
2023,Q3,Month-12,Laptop,France,7099
2023,Q3,Month-12,Laptop,Japan,43267
2023,Q3,Month-12,Smartphone,USA,20576
2023,Q3,Month-12,Smartphone,UK,36946
2023,Q3,Month-12,Smartphone,Germany,7116
2023,Q3,Month-12,Smartphone,France,16563
2023,Q3,Month-12,Smartphone,Japan,27788
2023,Q3,Month-12,Tablet,USA,27928
2023,Q3,Month-12,Tablet,UK,37336
2023,Q3,Month-12,Tablet,Germany,10847
2023,Q3,Month-12,Tablet,France,27155
2023,Q3,Month-12,Tablet,Japan,15135
2023,Q3,Month-12,Headphones,USA,18774
2023,Q3,Month-12,Headphones,UK,2742
2023,Q3,Month-12,Headphones,Germany,19309
2023,Q3,Month-12,Headphones,France,1619
2023,Q3,Month-12,Headphones,Japan,18658
2023,Q3,Month-12,Smartwatch,USA,35707
2023,Q3,Month-12,Smartwatch,UK,21337
2023,Q3,Month-12,Smartwatch,Germany,17001
2023,Q3,Month-12,Smartwatch,France,1968
2023,Q3,Month-12,Smartwatch,Japan,48614
2023,Q4,Month-1,Laptop,USA,26892
2023,Q4,Month-1,Laptop,UK,26619
2023,Q4,Month-1,Laptop,Germany,1281
2023,Q4,Month-1,Laptop,France,28420
2023,Q4,Month-1,Laptop,Japan,16360
2023,Q4,Month-1,Smartphone,USA,40030
2023,Q4,Month-1,Smartphone,UK,2058
2023,Q4,Month-1,Smartphone,Germany,21677
2023,Q4,Month-1,Smartphone,France,11724
2023,Q4,Month-1,Smartphone,Japan,29404
2023,Q4,Month-1,Tablet,USA,38946
2023,Q4,Month-1,Tablet,UK,40748
2023,Q4,Month-1,Tablet,Germany,30856
2023,Q4,Month-1,Tablet,France,10200
2023,Q4,Month-1,Tablet,Japan,34997
2023,Q4,Month-1,Headphones,USA,26611
2023,Q4,Month-1,Headphones,UK,42235
2023,Q4,Month-1,Headphones,Germany,36057
2023,Q4,Month-1,Headphones,France,2239
2023,Q4,Month-1,Headphones,Japan,39138
2023,Q4,Month-1,Smartwatch,USA,49938
2023,Q4,Month-1,Smartwatch,UK,1125
2023,Q4,Month-1,Smartwatch,Germany,46272
2023,Q4,Month-1,Smartwatch,France,24857
2023,Q4,Month-1,Smartwatch,Japan,16398
2023,Q4,Month-2,Laptop,USA,7638
2023,Q4,Month-2,Laptop,UK,7570
2023,Q4,Month-2,Laptop,Germany,4249
2023,Q4,Month-2,Laptop,France,10110
2023,Q4,Month-2,Laptop,Japan,41363
2023,Q4,Month-2,Smartphone,USA,14605
2023,Q4,Month-2,Smartphone,UK,13115
2023,Q4,Month-2,Smartphone,Germany,40062
2023,Q4,Month-2,Smartphone,France,23911
2023,Q4,Month-2,Smartphone,Japan,39525
2023,Q4,Month-2,Tablet,USA,33556
2023,Q4,Month-2,Tablet,UK,13595
2023,Q4,Month-2,Tablet,Germany,2969
2023,Q4,Month-2,Tablet,France,44753
2023,Q4,Month-2,Tablet,Japan,18275
2023,Q4,Month-2,Headphones,USA,5470
2023,Q4,Month-2,Headphones,UK,11225
2023,Q4,Month-2,Headphones,Germany,43324
2023,Q4,Month-2,Headphones,France,42974
2023,Q4,Month-2,Headphones,Japan,43759
2023,Q4,Month-2,Smartwatch,USA,24196
2023,Q4,Month-2,Smartwatch,UK,41287
2023,Q4,Month-2,Smartwatch,Germany,14669
2023,Q4,Month-2,Smartwatch,France,38380
2023,Q4,Month-2,Smartwatch,Japan,46141
2023,Q4,Month-3,Laptop,USA,49320
2023,Q4,Month-3,Laptop,UK,48414
2023,Q4,Month-3,Laptop,Germany,39006
2023,Q4,Month-3,Laptop,France,16577
2023,Q4,Month-3,Laptop,Japan,23473
2023,Q4,Month-3,Smartphone,USA,29625
2023,Q4,Month-3,Smartphone,UK,16504
2023,Q4,Month-3,Smartphone,Germany,25089
2023,Q4,Month-3,Smartphone,France,37487
2023,Q4,Month-3,Smartphone,Japan,1302
2023,Q4,Month-3,Tablet,USA,32463
2023,Q4,Month-3,Tablet,UK,45912
2023,Q4,Month-3,Tablet,Germany,30259
2023,Q4,Month-3,Tablet,France,43823
2023,Q4,Month-3,Tablet,Japan,38208
2023,Q4,Month-3,Headphones,USA,31659
2023,Q4,Month-3,Headphones,UK,36840
2023,Q4,Month-3,Headphones,Germany,32890
2023,Q4,Month-3,Headphones,France,14598
2023,Q4,Month-3,Headphones,Japan,48055
2023,Q4,Month-3,Smartwatch,USA,47733
2023,Q4,Month-3,Smartwatch,UK,20508
2023,Q4,Month-3,Smartwatch,Germany,43287
2023,Q4,Month-3,Smartwatch,France,14380
2023,Q4,Month-3,Smartwatch,Japan,27984
2023,Q4,Month-4,Laptop,USA,45633
2023,Q4,Month-4,Laptop,UK,9125
2023,Q4,Month-4,Laptop,Germany,37059
2023,Q4,Month-4,Laptop,France,5033
2023,Q4,Month-4,Laptop,Japan,38873
2023,Q4,Month-4,Smartphone,USA,18087
2023,Q4,Month-4,Smartphone,UK,41901
2023,Q4,Month-4,Smartphone,Germany,6704
2023,Q4,Month-4,Smartphone,France,8848
2023,Q4,Month-4,Smartphone,Japan,22592
2023,Q4,Month-4,Tablet,USA,46743
2023,Q4,Month-4,Tablet,UK,7924
2023,Q4,Month-4,Tablet,Germany,28208
2023,Q4,Month-4,Tablet,France,20614
2023,Q4,Month-4,Tablet,Japan,1488
2023,Q4,Month-4,Headphones,USA,40882
2023,Q4,Month-4,Headphones,UK,26923
2023,Q4,Month-4,Headphones,Germany,49508
2023,Q4,Month-4,Headphones,France,36941
2023,Q4,Month-4,Headphones,Japan,30165
2023,Q4,Month-4,Smartwatch,USA,2667
2023,Q4,Month-4,Smartwatch,UK,27213
2023,Q4,Month-4,Smartwatch,Germany,5114
2023,Q4,Month-4,Smartwatch,France,37321
2023,Q4,Month-4,Smartwatch,Japan,8761
2023,Q4,Month-5,Laptop,USA,32116
2023,Q4,Month-5,Laptop,UK,34768
2023,Q4,Month-5,Laptop,Germany,49406
2023,Q4,Month-5,Laptop,France,26426
2023,Q4,Month-5,Laptop,Japan,18772
2023,Q4,Month-5,Smartphone,USA,39218
2023,Q4,Month-5,Smartphone,UK,4712
2023,Q4,Month-5,Smartphone,Germany,2367
2023,Q4,Month-5,Smartphone,France,41957
2023,Q4,Month-5,Smartphone,Japan,42781
2023,Q4,Month-5,Tablet,USA,27200
2023,Q4,Month-5,Tablet,UK,4726
2023,Q4,Month-5,Tablet,Germany,24616
2023,Q4,Month-5,Tablet,France,28723
2023,Q4,Month-5,Tablet,Japan,38574
2023,Q4,Month-5,Headphones,USA,35958
2023,Q4,Month-5,Headphones,UK,10108
2023,Q4,Month-5,Headphones,Germany,13178
2023,Q4,Month-5,Headphones,France,36643
2023,Q4,Month-5,Headphones,Japan,32324
2023,Q4,Month-5,Smartwatch,USA,39360
2023,Q4,Month-5,Smartwatch,UK,18824
2023,Q4,Month-5,Smartwatch,Germany,46360
2023,Q4,Month-5,Smartwatch,France,9927
2023,Q4,Month-5,Smartwatch,Japan,29144
2023,Q4,Month-6,Laptop,USA,32010
2023,Q4,Month-6,Laptop,UK,23443
2023,Q4,Month-6,Laptop,Germany,15437
2023,Q4,Month-6,Laptop,France,45298
2023,Q4,Month-6,Laptop,Japan,40778
2023,Q4,Month-6,Smartphone,USA,12207
2023,Q4,Month-6,Smartphone,UK,26537
2023,Q4,Month-6,Smartphone,Germany,36757
2023,Q4,Month-6,Smartphone,France,13040
2023,Q4,Month-6,Smartphone,Japan,42986
2023,Q4,Month-6,Tablet,USA,23612
2023,Q4,Month-6,Tablet,UK,29441
2023,Q4,Month-6,Tablet,Germany,7471
2023,Q4,Month-6,Tablet,France,36631
2023,Q4,Month-6,Tablet,Japan,44461
2023,Q4,Month-6,Headphones,USA,27523
2023,Q4,Month-6,Headphones,UK,32348
2023,Q4,Month-6,Headphones,Germany,2177
2023,Q4,Month-6,Headphones,France,5760
2023,Q4,Month-6,Headphones,Japan,33779
2023,Q4,Month-6,Smartwatch,USA,22636
2023,Q4,Month-6,Smartwatch,UK,17353
2023,Q4,Month-6,Smartwatch,Germany,12556
2023,Q4,Month-6,Smartwatch,France,28598
2023,Q4,Month-6,Smartwatch,Japan,12563
2023,Q4,Month-7,Laptop,USA,47819
2023,Q4,Month-7,Laptop,UK,44790
2023,Q4,Month-7,Laptop,Germany,9234
2023,Q4,Month-7,Laptop,France,26519
2023,Q4,Month-7,Laptop,Japan,27966
2023,Q4,Month-7,Smartphone,USA,17173
2023,Q4,Month-7,Smartphone,UK,27987
2023,Q4,Month-7,Smartphone,Germany,14178
2023,Q4,Month-7,Smartphone,France,40338
2023,Q4,Month-7,Smartphone,Japan,25596
2023,Q4,Month-7,Tablet,USA,34174
2023,Q4,Month-7,Tablet,UK,42974
2023,Q4,Month-7,Tablet,Germany,5431
2023,Q4,Month-7,Tablet,France,28764
2023,Q4,Month-7,Tablet,Japan,22627
2023,Q4,Month-7,Headphones,USA,40310
2023,Q4,Month-7,Headphones,UK,9906
2023,Q4,Month-7,Headphones,Germany,37914
2023,Q4,Month-7,Headphones,France,45814
2023,Q4,Month-7,Headphones,Japan,46379
2023,Q4,Month-7,Smartwatch,USA,14076
2023,Q4,Month-7,Smartwatch,UK,38650
2023,Q4,Month-7,Smartwatch,Germany,47881
2023,Q4,Month-7,Smartwatch,France,47413
2023,Q4,Month-7,Smartwatch,Japan,7012
2023,Q4,Month-8,Laptop,USA,8151
2023,Q4,Month-8,Laptop,UK,29211
2023,Q4,Month-8,Laptop,Germany,28117
2023,Q4,Month-8,Laptop,France,37378
2023,Q4,Month-8,Laptop,Japan,43652
2023,Q4,Month-8,Smartphone,USA,7894
2023,Q4,Month-8,Smartphone,UK,14467
2023,Q4,Month-8,Smartphone,Germany,32010
2023,Q4,Month-8,Smartphone,France,43641
2023,Q4,Month-8,Smartphone,Japan,13289
2023,Q4,Month-8,Tablet,USA,45976
2023,Q4,Month-8,Tablet,UK,44596
2023,Q4,Month-8,Tablet,Germany,24171
2023,Q4,Month-8,Tablet,France,35905
2023,Q4,Month-8,Tablet,Japan,21829
2023,Q4,Month-8,Headphones,USA,35054
2023,Q4,Month-8,Headphones,UK,49478
2023,Q4,Month-8,Headphones,Germany,45139
2023,Q4,Month-8,Headphones,France,49713
2023,Q4,Month-8,Headphones,Japan,30734
2023,Q4,Month-8,Smartwatch,USA,8052
2023,Q4,Month-8,Smartwatch,UK,4654
2023,Q4,Month-8,Smartwatch,Germany,24486
2023,Q4,Month-8,Smartwatch,France,19743
2023,Q4,Month-8,Smartwatch,Japan,49368
2023,Q4,Month-9,Laptop,USA,25489
2023,Q4,Month-9,Laptop,UK,9636
2023,Q4,Month-9,Laptop,Germany,7441
2023,Q4,Month-9,Laptop,France,25611
2023,Q4,Month-9,Laptop,Japan,43435
2023,Q4,Month-9,Smartphone,USA,13149
2023,Q4,Month-9,Smartphone,UK,35566
2023,Q4,Month-9,Smartphone,Germany,43368
2023,Q4,Month-9,Smartphone,France,22675
2023,Q4,Month-9,Smartphone,Japan,6495
2023,Q4,Month-9,Tablet,USA,43668
2023,Q4,Month-9,Tablet,UK,14673
2023,Q4,Month-9,Tablet,Germany,12130
2023,Q4,Month-9,Tablet,France,23668
2023,Q4,Month-9,Tablet,Japan,16222
2023,Q4,Month-9,Headphones,USA,24669
2023,Q4,Month-9,Headphones,UK,35068
2023,Q4,Month-9,Headphones,Germany,24253
2023,Q4,Month-9,Headphones,France,10435
2023,Q4,Month-9,Headphones,Japan,29552
2023,Q4,Month-9,Smartwatch,USA,38384
2023,Q4,Month-9,Smartwatch,UK,17393
2023,Q4,Month-9,Smartwatch,Germany,11617
2023,Q4,Month-9,Smartwatch,France,39520
2023,Q4,Month-9,Smartwatch,Japan,10852
2023,Q4,Month-10,Laptop,USA,32401
2023,Q4,Month-10,Laptop,UK,7295
2023,Q4,Month-10,Laptop,Germany,36993
2023,Q4,Month-10,Laptop,France,35084
2023,Q4,Month-10,Laptop,Japan,46105
2023,Q4,Month-10,Smartphone,USA,40575
2023,Q4,Month-10,Smartphone,UK,37451
2023,Q4,Month-10,Smartphone,Germany,8227
2023,Q4,Month-10,Smartphone,France,32910
2023,Q4,Month-10,Smartphone,Japan,37041
2023,Q4,Month-10,Tablet,USA,24384
2023,Q4,Month-10,Tablet,UK,1145
2023,Q4,Month-10,Tablet,Germany,38778
2023,Q4,Month-10,Tablet,France,17035
2023,Q4,Month-10,Tablet,Japan,4040
2023,Q4,Month-10,Headphones,USA,43422
2023,Q4,Month-10,Headphones,UK,27160
2023,Q4,Month-10,Headphones,Germany,18633
2023,Q4,Month-10,Headphones,France,30344
2023,Q4,Month-10,Headphones,Japan,18014
2023,Q4,Month-10,Smartwatch,USA,15996
2023,Q4,Month-10,Smartwatch,UK,42621
2023,Q4,Month-10,Smartwatch,Germany,12695
2023,Q4,Month-10,Smartwatch,France,3852
2023,Q4,Month-10,Smartwatch,Japan,17014
2023,Q4,Month-11,Laptop,USA,28042
2023,Q4,Month-11,Laptop,UK,34755
2023,Q4,Month-11,Laptop,Germany,41390
2023,Q4,Month-11,Laptop,France,24711
2023,Q4,Month-11,Laptop,Japan,27122
2023,Q4,Month-11,Smartphone,USA,10160
2023,Q4,Month-11,Smartphone,UK,28213
2023,Q4,Month-11,Smartphone,Germany,40420
2023,Q4,Month-11,Smartphone,France,8421
2023,Q4,Month-11,Smartphone,Japan,22400
2023,Q4,Month-11,Tablet,USA,34537
2023,Q4,Month-11,Tablet,UK,18727
2023,Q4,Month-11,Tablet,Germany,47882
2023,Q4,Month-11,Tablet,France,5358
2023,Q4,Month-11,Tablet,Japan,29482
2023,Q4,Month-11,Headphones,USA,33117
2023,Q4,Month-11,Headphones,UK,24164
2023,Q4,Month-11,Headphones,Germany,32910
2023,Q4,Month-11,Headphones,France,33496
2023,Q4,Month-11,Headphones,Japan,45311
2023,Q4,Month-11,Smartwatch,USA,30371
2023,Q4,Month-11,Smartwatch,UK,39467
2023,Q4,Month-11,Smartwatch,Germany,18625
2023,Q4,Month-11,Smartwatch,France,34893
2023,Q4,Month-11,Smartwatch,Japan,11793
2023,Q4,Month-12,Laptop,USA,32007
2023,Q4,Month-12,Laptop,UK,26766
2023,Q4,Month-12,Laptop,Germany,40532
2023,Q4,Month-12,Laptop,France,13323
2023,Q4,Month-12,Laptop,Japan,46799
2023,Q4,Month-12,Smartphone,USA,47820
2023,Q4,Month-12,Smartphone,UK,46408
2023,Q4,Month-12,Smartphone,Germany,8843
2023,Q4,Month-12,Smartphone,France,15210
2023,Q4,Month-12,Smartphone,Japan,17456
2023,Q4,Month-12,Tablet,USA,32367
2023,Q4,Month-12,Tablet,UK,11106
2023,Q4,Month-12,Tablet,Germany,38957
2023,Q4,Month-12,Tablet,France,3472
2023,Q4,Month-12,Tablet,Japan,7704
2023,Q4,Month-12,Headphones,USA,4713
2023,Q4,Month-12,Headphones,UK,6051
2023,Q4,Month-12,Headphones,Germany,11756
2023,Q4,Month-12,Headphones,France,3475
2023,Q4,Month-12,Headphones,Japan,37378
2023,Q4,Month-12,Smartwatch,USA,5255
2023,Q4,Month-12,Smartwatch,UK,15484
2023,Q4,Month-12,Smartwatch,Germany,35503
2023,Q4,Month-12,Smartwatch,France,9258
2023,Q4,Month-12,Smartwatch,Japan,41747
2024,Q1,Month-1,Laptop,USA,36196
2024,Q1,Month-1,Laptop,UK,46113
2024,Q1,Month-1,Laptop,Germany,41194
2024,Q1,Month-1,Laptop,France,9533
2024,Q1,Month-1,Laptop,Japan,33581
2024,Q1,Month-1,Smartphone,USA,6249
2024,Q1,Month-1,Smartphone,UK,20201
2024,Q1,Month-1,Smartphone,Germany,10686
2024,Q1,Month-1,Smartphone,France,47877
2024,Q1,Month-1,Smartphone,Japan,33007
2024,Q1,Month-1,Tablet,USA,1661
2024,Q1,Month-1,Tablet,UK,45843
2024,Q1,Month-1,Tablet,Germany,31137
2024,Q1,Month-1,Tablet,France,48556
2024,Q1,Month-1,Tablet,Japan,43828
2024,Q1,Month-1,Headphones,USA,49604
2024,Q1,Month-1,Headphones,UK,11526
2024,Q1,Month-1,Headphones,Germany,4374
2024,Q1,Month-1,Headphones,France,26592
2024,Q1,Month-1,Headphones,Japan,29982
2024,Q1,Month-1,Smartwatch,USA,1207
2024,Q1,Month-1,Smartwatch,UK,36433
2024,Q1,Month-1,Smartwatch,Germany,24197
2024,Q1,Month-1,Smartwatch,France,34400
2024,Q1,Month-1,Smartwatch,Japan,4083
2024,Q1,Month-2,Laptop,USA,30328
2024,Q1,Month-2,Laptop,UK,47479
2024,Q1,Month-2,Laptop,Germany,43891
2024,Q1,Month-2,Laptop,France,21103
2024,Q1,Month-2,Laptop,Japan,40891
2024,Q1,Month-2,Smartphone,USA,11754
2024,Q1,Month-2,Smartphone,UK,35447
2024,Q1,Month-2,Smartphone,Germany,16901
2024,Q1,Month-2,Smartphone,France,34004
2024,Q1,Month-2,Smartphone,Japan,8446
2024,Q1,Month-2,Tablet,USA,38211
2024,Q1,Month-2,Tablet,UK,49231
2024,Q1,Month-2,Tablet,Germany,30301
2024,Q1,Month-2,Tablet,France,27116
2024,Q1,Month-2,Tablet,Japan,42323
2024,Q1,Month-2,Headphones,USA,19752
2024,Q1,Month-2,Headphones,UK,33376
2024,Q1,Month-2,Headphones,Germany,17669
2024,Q1,Month-2,Headphones,France,33916
2024,Q1,Month-2,Headphones,Japan,14395
2024,Q1,Month-2,Smartwatch,USA,21421
2024,Q1,Month-2,Smartwatch,UK,27342
2024,Q1,Month-2,Smartwatch,Germany,5895
2024,Q1,Month-2,Smartwatch,France,12023
2024,Q1,Month-2,Smartwatch,Japan,11699
2024,Q1,Month-3,Laptop,USA,10715
2024,Q1,Month-3,Laptop,UK,20169
2024,Q1,Month-3,Laptop,Germany,17163
2024,Q1,Month-3,Laptop,France,6782
2024,Q1,Month-3,Laptop,Japan,23641
2024,Q1,Month-3,Smartphone,USA,19792
2024,Q1,Month-3,Smartphone,UK,36585
2024,Q1,Month-3,Smartphone,Germany,31682
2024,Q1,Month-3,Smartphone,France,48864
2024,Q1,Month-3,Smartphone,Japan,19880
2024,Q1,Month-3,Tablet,USA,39067
2024,Q1,Month-3,Tablet,UK,43685
2024,Q1,Month-3,Tablet,Germany,19073
2024,Q1,Month-3,Tablet,France,37035
2024,Q1,Month-3,Tablet,Japan,38174
2024,Q1,Month-3,Headphones,USA,25837
2024,Q1,Month-3,Headphones,UK,18826
2024,Q1,Month-3,Headphones,Germany,25981
2024,Q1,Month-3,Headphones,France,11382
2024,Q1,Month-3,Headphones,Japan,5437
2024,Q1,Month-3,Smartwatch,USA,6435
2024,Q1,Month-3,Smartwatch,UK,25819
2024,Q1,Month-3,Smartwatch,Germany,37875
2024,Q1,Month-3,Smartwatch,France,32982
2024,Q1,Month-3,Smartwatch,Japan,34328
2024,Q1,Month-4,Laptop,USA,13329
2024,Q1,Month-4,Laptop,UK,26169
2024,Q1,Month-4,Laptop,Germany,22932
2024,Q1,Month-4,Laptop,France,35594
2024,Q1,Month-4,Laptop,Japan,12421
2024,Q1,Month-4,Smartphone,USA,46033
2024,Q1,Month-4,Smartphone,UK,8629
2024,Q1,Month-4,Smartphone,Germany,9325
2024,Q1,Month-4,Smartphone,France,29495
2024,Q1,Month-4,Smartphone,Japan,32750
2024,Q1,Month-4,Tablet,USA,30619
2024,Q1,Month-4,Tablet,UK,41461
2024,Q1,Month-4,Tablet,Germany,9264
2024,Q1,Month-4,Tablet,France,13686
2024,Q1,Month-4,Tablet,Japan,47484
2024,Q1,Month-4,Headphones,USA,25226
2024,Q1,Month-4,Headphones,UK,7721
2024,Q1,Month-4,Headphones,Germany,21609
2024,Q1,Month-4,Headphones,France,8373
2024,Q1,Month-4,Headphones,Japan,39675
2024,Q1,Month-4,Smartwatch,USA,49895
2024,Q1,Month-4,Smartwatch,UK,29937
2024,Q1,Month-4,Smartwatch,Germany,6656
2024,Q1,Month-4,Smartwatch,France,9984
2024,Q1,Month-4,Smartwatch,Japan,30984
2024,Q1,Month-5,Laptop,USA,9286
2024,Q1,Month-5,Laptop,UK,6901
2024,Q1,Month-5,Laptop,Germany,32552
2024,Q1,Month-5,Laptop,France,26709
2024,Q1,Month-5,Laptop,Japan,32055
2024,Q1,Month-5,Smartphone,USA,38685
2024,Q1,Month-5,Smartphone,UK,9429
2024,Q1,Month-5,Smartphone,Germany,15716
2024,Q1,Month-5,Smartphone,France,49563
2024,Q1,Month-5,Smartphone,Japan,12138
2024,Q1,Month-5,Tablet,USA,36298
2024,Q1,Month-5,Tablet,UK,24429
2024,Q1,Month-5,Tablet,Germany,6772
2024,Q1,Month-5,Tablet,France,49244
2024,Q1,Month-5,Tablet,Japan,49519
2024,Q1,Month-5,Headphones,USA,36732
2024,Q1,Month-5,Headphones,UK,40905
2024,Q1,Month-5,Headphones,Germany,18347
2024,Q1,Month-5,Headphones,France,17920
2024,Q1,Month-5,Headphones,Japan,32822
2024,Q1,Month-5,Smartwatch,USA,47659
2024,Q1,Month-5,Smartwatch,UK,41108
2024,Q1,Month-5,Smartwatch,Germany,24563
2024,Q1,Month-5,Smartwatch,France,8967
2024,Q1,Month-5,Smartwatch,Japan,46183
2024,Q1,Month-6,Laptop,USA,12871
2024,Q1,Month-6,Laptop,UK,29763
2024,Q1,Month-6,Laptop,Germany,12916
2024,Q1,Month-6,Laptop,France,9734
2024,Q1,Month-6,Laptop,Japan,34613
2024,Q1,Month-6,Smartphone,USA,29179
2024,Q1,Month-6,Smartphone,UK,36262
2024,Q1,Month-6,Smartphone,Germany,13677
2024,Q1,Month-6,Smartphone,France,19268
2024,Q1,Month-6,Smartphone,Japan,13330
2024,Q1,Month-6,Tablet,USA,21733
2024,Q1,Month-6,Tablet,UK,38947
2024,Q1,Month-6,Tablet,Germany,28286
2024,Q1,Month-6,Tablet,France,7610
2024,Q1,Month-6,Tablet,Japan,7430
2024,Q1,Month-6,Headphones,USA,40922
2024,Q1,Month-6,Headphones,UK,14828
2024,Q1,Month-6,Headphones,Germany,43913
2024,Q1,Month-6,Headphones,France,32497
2024,Q1,Month-6,Headphones,Japan,40256
2024,Q1,Month-6,Smartwatch,USA,37618
2024,Q1,Month-6,Smartwatch,UK,47332
2024,Q1,Month-6,Smartwatch,Germany,27526
2024,Q1,Month-6,Smartwatch,France,31158
2024,Q1,Month-6,Smartwatch,Japan,26032
2024,Q1,Month-7,Laptop,USA,38846
2024,Q1,Month-7,Laptop,UK,45936
2024,Q1,Month-7,Laptop,Germany,30794
2024,Q1,Month-7,Laptop,France,6448
2024,Q1,Month-7,Laptop,Japan,29861
2024,Q1,Month-7,Smartphone,USA,29141
2024,Q1,Month-7,Smartphone,UK,10074
2024,Q1,Month-7,Smartphone,Germany,7406
2024,Q1,Month-7,Smartphone,France,32823
2024,Q1,Month-7,Smartphone,Japan,24291
2024,Q1,Month-7,Tablet,USA,42568
2024,Q1,Month-7,Tablet,UK,33003
2024,Q1,Month-7,Tablet,Germany,47851
2024,Q1,Month-7,Tablet,France,35406
2024,Q1,Month-7,Tablet,Japan,24312
2024,Q1,Month-7,Headphones,USA,44108
2024,Q1,Month-7,Headphones,UK,2382
2024,Q1,Month-7,Headphones,Germany,35171
2024,Q1,Month-7,Headphones,France,42779
2024,Q1,Month-7,Headphones,Japan,4292
2024,Q1,Month-7,Smartwatch,USA,42779
2024,Q1,Month-7,Smartwatch,UK,34187
2024,Q1,Month-7,Smartwatch,Germany,13411
2024,Q1,Month-7,Smartwatch,France,38285
2024,Q1,Month-7,Smartwatch,Japan,16422
2024,Q1,Month-8,Laptop,USA,43468
2024,Q1,Month-8,Laptop,UK,33371
2024,Q1,Month-8,Laptop,Germany,6693
2024,Q1,Month-8,Laptop,France,34535
2024,Q1,Month-8,Laptop,Japan,15818
2024,Q1,Month-8,Smartphone,USA,32238
2024,Q1,Month-8,Smartphone,UK,31874
2024,Q1,Month-8,Smartphone,Germany,27715
2024,Q1,Month-8,Smartphone,France,28605
2024,Q1,Month-8,Smartphone,Japan,35317
2024,Q1,Month-8,Tablet,USA,32174
2024,Q1,Month-8,Tablet,UK,10956
2024,Q1,Month-8,Tablet,Germany,39908
2024,Q1,Month-8,Tablet,France,11837
2024,Q1,Month-8,Tablet,Japan,4716
2024,Q1,Month-8,Headphones,USA,5481
2024,Q1,Month-8,Headphones,UK,25282
2024,Q1,Month-8,Headphones,Germany,7548
2024,Q1,Month-8,Headphones,France,38605
2024,Q1,Month-8,Headphones,Japan,8758
2024,Q1,Month-8,Smartwatch,USA,44668
2024,Q1,Month-8,Smartwatch,UK,24177
2024,Q1,Month-8,Smartwatch,Germany,25022
2024,Q1,Month-8,Smartwatch,France,41761
2024,Q1,Month-8,Smartwatch,Japan,6542
2024,Q1,Month-9,Laptop,USA,26476
2024,Q1,Month-9,Laptop,UK,31784
2024,Q1,Month-9,Laptop,Germany,23740
2024,Q1,Month-9,Laptop,France,25817
2024,Q1,Month-9,Laptop,Japan,48596
2024,Q1,Month-9,Smartphone,USA,17052
2024,Q1,Month-9,Smartphone,UK,36153
2024,Q1,Month-9,Smartphone,Germany,48076
2024,Q1,Month-9,Smartphone,France,1671
2024,Q1,Month-9,Smartphone,Japan,1163
2024,Q1,Month-9,Tablet,USA,42424
2024,Q1,Month-9,Tablet,UK,45002
2024,Q1,Month-9,Tablet,Germany,5795
2024,Q1,Month-9,Tablet,France,11634
2024,Q1,Month-9,Tablet,Japan,5798
2024,Q1,Month-9,Headphones,USA,23420
2024,Q1,Month-9,Headphones,UK,30300
2024,Q1,Month-9,Headphones,Germany,25345
2024,Q1,Month-9,Headphones,France,11749
2024,Q1,Month-9,Headphones,Japan,39595
2024,Q1,Month-9,Smartwatch,USA,26121
2024,Q1,Month-9,Smartwatch,UK,38487
2024,Q1,Month-9,Smartwatch,Germany,29411
2024,Q1,Month-9,Smartwatch,France,34361
2024,Q1,Month-9,Smartwatch,Japan,22223
2024,Q1,Month-10,Laptop,USA,8394
2024,Q1,Month-10,Laptop,UK,15056
2024,Q1,Month-10,Laptop,Germany,29380
2024,Q1,Month-10,Laptop,France,27035
2024,Q1,Month-10,Laptop,Japan,31620
2024,Q1,Month-10,Smartphone,USA,20877
2024,Q1,Month-10,Smartphone,UK,44404
2024,Q1,Month-10,Smartphone,Germany,31911
2024,Q1,Month-10,Smartphone,France,33784
2024,Q1,Month-10,Smartphone,Japan,4191
2024,Q1,Month-10,Tablet,USA,34160
2024,Q1,Month-10,Tablet,UK,26000
2024,Q1,Month-10,Tablet,Germany,40040
2024,Q1,Month-10,Tablet,France,4631
2024,Q1,Month-10,Tablet,Japan,7172
2024,Q1,Month-10,Headphones,USA,43080
2024,Q1,Month-10,Headphones,UK,24561
2024,Q1,Month-10,Headphones,Germany,25817
2024,Q1,Month-10,Headphones,France,21281
2024,Q1,Month-10,Headphones,Japan,29671
2024,Q1,Month-10,Smartwatch,USA,26364
2024,Q1,Month-10,Smartwatch,UK,42674
2024,Q1,Month-10,Smartwatch,Germany,28425
2024,Q1,Month-10,Smartwatch,France,29602
2024,Q1,Month-10,Smartwatch,Japan,24253
2024,Q1,Month-11,Laptop,USA,24472
2024,Q1,Month-11,Laptop,UK,9080
2024,Q1,Month-11,Laptop,Germany,8099
2024,Q1,Month-11,Laptop,France,26431
2024,Q1,Month-11,Laptop,Japan,32186
2024,Q1,Month-11,Smartphone,USA,48684
2024,Q1,Month-11,Smartphone,UK,31111
2024,Q1,Month-11,Smartphone,Germany,40851
2024,Q1,Month-11,Smartphone,France,23614
2024,Q1,Month-11,Smartphone,Japan,27724
2024,Q1,Month-11,Tablet,USA,42991
2024,Q1,Month-11,Tablet,UK,5940
2024,Q1,Month-11,Tablet,Germany,29758
2024,Q1,Month-11,Tablet,France,37224
2024,Q1,Month-11,Tablet,Japan,8788
2024,Q1,Month-11,Headphones,USA,29082
2024,Q1,Month-11,Headphones,UK,25034
2024,Q1,Month-11,Headphones,Germany,36479
2024,Q1,Month-11,Headphones,France,12280
2024,Q1,Month-11,Headphones,Japan,19052
2024,Q1,Month-11,Smartwatch,USA,17531
2024,Q1,Month-11,Smartwatch,UK,23804
2024,Q1,Month-11,Smartwatch,Germany,29903
2024,Q1,Month-11,Smartwatch,France,45857
2024,Q1,Month-11,Smartwatch,Japan,11142
2024,Q1,Month-12,Laptop,USA,49355
2024,Q1,Month-12,Laptop,UK,10866
2024,Q1,Month-12,Laptop,Germany,5531
2024,Q1,Month-12,Laptop,France,46454
2024,Q1,Month-12,Laptop,Japan,39098
2024,Q1,Month-12,Smartphone,USA,39278
2024,Q1,Month-12,Smartphone,UK,29138
2024,Q1,Month-12,Smartphone,Germany,28065
2024,Q1,Month-12,Smartphone,France,30956
2024,Q1,Month-12,Smartphone,Japan,42732
2024,Q1,Month-12,Tablet,USA,40261
2024,Q1,Month-12,Tablet,UK,11759
2024,Q1,Month-12,Tablet,Germany,6439
2024,Q1,Month-12,Tablet,France,48241
2024,Q1,Month-12,Tablet,Japan,43533
2024,Q1,Month-12,Headphones,USA,29270
2024,Q1,Month-12,Headphones,UK,14279
2024,Q1,Month-12,Headphones,Germany,40279
2024,Q1,Month-12,Headphones,France,45251
2024,Q1,Month-12,Headphones,Japan,24888
2024,Q1,Month-12,Smartwatch,USA,18630
2024,Q1,Month-12,Smartwatch,UK,36144
2024,Q1,Month-12,Smartwatch,Germany,32182
2024,Q1,Month-12,Smartwatch,France,26538
2024,Q1,Month-12,Smartwatch,Japan,12824
2024,Q2,Month-1,Laptop,USA,33125
2024,Q2,Month-1,Laptop,UK,7979
2024,Q2,Month-1,Laptop,Germany,27189
2024,Q2,Month-1,Laptop,France,43600
2024,Q2,Month-1,Laptop,Japan,13504
2024,Q2,Month-1,Smartphone,USA,21669
2024,Q2,Month-1,Smartphone,UK,7910
2024,Q2,Month-1,Smartphone,Germany,47857
2024,Q2,Month-1,Smartphone,France,35964
2024,Q2,Month-1,Smartphone,Japan,21131
2024,Q2,Month-1,Tablet,USA,26227
2024,Q2,Month-1,Tablet,UK,6978
2024,Q2,Month-1,Tablet,Germany,22991
2024,Q2,Month-1,Tablet,France,18153
2024,Q2,Month-1,Tablet,Japan,34548
2024,Q2,Month-1,Headphones,USA,43676
2024,Q2,Month-1,Headphones,UK,40071
2024,Q2,Month-1,Headphones,Germany,48454
2024,Q2,Month-1,Headphones,France,4983
2024,Q2,Month-1,Headphones,Japan,10503
2024,Q2,Month-1,Smartwatch,USA,30921
2024,Q2,Month-1,Smartwatch,UK,17905
2024,Q2,Month-1,Smartwatch,Germany,46838
2024,Q2,Month-1,Smartwatch,France,24953
2024,Q2,Month-1,Smartwatch,Japan,27806
2024,Q2,Month-2,Laptop,USA,46000
2024,Q2,Month-2,Laptop,UK,23168
2024,Q2,Month-2,Laptop,Germany,5583
2024,Q2,Month-2,Laptop,France,39714
2024,Q2,Month-2,Laptop,Japan,40896
2024,Q2,Month-2,Smartphone,USA,12889
2024,Q2,Month-2,Smartphone,UK,28413
2024,Q2,Month-2,Smartphone,Germany,13275
2024,Q2,Month-2,Smartphone,France,3461
2024,Q2,Month-2,Smartphone,Japan,15291
2024,Q2,Month-2,Tablet,USA,47804
2024,Q2,Month-2,Tablet,UK,12435
2024,Q2,Month-2,Tablet,Germany,28935
2024,Q2,Month-2,Tablet,France,34453
2024,Q2,Month-2,Tablet,Japan,19544
2024,Q2,Month-2,Headphones,USA,13258
2024,Q2,Month-2,Headphones,UK,31841
2024,Q2,Month-2,Headphones,Germany,49758
2024,Q2,Month-2,Headphones,France,11736
2024,Q2,Month-2,Headphones,Japan,38643
2024,Q2,Month-2,Smartwatch,USA,44950
2024,Q2,Month-2,Smartwatch,UK,35964
2024,Q2,Month-2,Smartwatch,Germany,29044
2024,Q2,Month-2,Smartwatch,France,40933
2024,Q2,Month-2,Smartwatch,Japan,16997
2024,Q2,Month-3,Laptop,USA,15215
2024,Q2,Month-3,Laptop,UK,34069
2024,Q2,Month-3,Laptop,Germany,24911
2024,Q2,Month-3,Laptop,France,18030
2024,Q2,Month-3,Laptop,Japan,30334
2024,Q2,Month-3,Smartphone,USA,15571
2024,Q2,Month-3,Smartphone,UK,43719
2024,Q2,Month-3,Smartphone,Germany,29927
2024,Q2,Month-3,Smartphone,France,21714
2024,Q2,Month-3,Smartphone,Japan,44541
2024,Q2,Month-3,Tablet,USA,24387
2024,Q2,Month-3,Tablet,UK,29444
2024,Q2,Month-3,Tablet,Germany,49908
2024,Q2,Month-3,Tablet,France,20921
2024,Q2,Month-3,Tablet,Japan,14057
2024,Q2,Month-3,Headphones,USA,46268
2024,Q2,Month-3,Headphones,UK,25858
2024,Q2,Month-3,Headphones,Germany,49689
2024,Q2,Month-3,Headphones,France,45638
2024,Q2,Month-3,Headphones,Japan,27062
2024,Q2,Month-3,Smartwatch,USA,37850
2024,Q2,Month-3,Smartwatch,UK,47486
2024,Q2,Month-3,Smartwatch,Germany,21567
2024,Q2,Month-3,Smartwatch,France,30739
2024,Q2,Month-3,Smartwatch,Japan,44285
2024,Q2,Month-4,Laptop,USA,4754
2024,Q2,Month-4,Laptop,UK,28044
2024,Q2,Month-4,Laptop,Germany,2724
2024,Q2,Month-4,Laptop,France,2376
2024,Q2,Month-4,Laptop,Japan,9706
2024,Q2,Month-4,Smartphone,USA,9894
2024,Q2,Month-4,Smartphone,UK,19037
2024,Q2,Month-4,Smartphone,Germany,19450
2024,Q2,Month-4,Smartphone,France,17406
2024,Q2,Month-4,Smartphone,Japan,30725
2024,Q2,Month-4,Tablet,USA,6926
2024,Q2,Month-4,Tablet,UK,40019
2024,Q2,Month-4,Tablet,Germany,10496
2024,Q2,Month-4,Tablet,France,37068
2024,Q2,Month-4,Tablet,Japan,30806
2024,Q2,Month-4,Headphones,USA,23663
2024,Q2,Month-4,Headphones,UK,42321
2024,Q2,Month-4,Headphones,Germany,37495
2024,Q2,Month-4,Headphones,France,23656
2024,Q2,Month-4,Headphones,Japan,26860
2024,Q2,Month-4,Smartwatch,USA,17832
2024,Q2,Month-4,Smartwatch,UK,39787
2024,Q2,Month-4,Smartwatch,Germany,49231
2024,Q2,Month-4,Smartwatch,France,22727
2024,Q2,Month-4,Smartwatch,Japan,43815
2024,Q2,Month-5,Laptop,USA,30545
2024,Q2,Month-5,Laptop,UK,45522
2024,Q2,Month-5,Laptop,Germany,3520
2024,Q2,Month-5,Laptop,France,4081
2024,Q2,Month-5,Laptop,Japan,35196
2024,Q2,Month-5,Smartphone,USA,37735
2024,Q2,Month-5,Smartphone,UK,40213
2024,Q2,Month-5,Smartphone,Germany,15566
2024,Q2,Month-5,Smartphone,France,15042
2024,Q2,Month-5,Smartphone,Japan,26498
2024,Q2,Month-5,Tablet,USA,12329
2024,Q2,Month-5,Tablet,UK,32656
2024,Q2,Month-5,Tablet,Germany,3159
2024,Q2,Month-5,Tablet,France,38900
2024,Q2,Month-5,Tablet,Japan,20363
2024,Q2,Month-5,Headphones,USA,48701
2024,Q2,Month-5,Headphones,UK,44241
2024,Q2,Month-5,Headphones,Germany,20033
2024,Q2,Month-5,Headphones,France,11805
2024,Q2,Month-5,Headphones,Japan,36851
2024,Q2,Month-5,Smartwatch,USA,27832
2024,Q2,Month-5,Smartwatch,UK,14944
2024,Q2,Month-5,Smartwatch,Germany,20873
2024,Q2,Month-5,Smartwatch,France,41372
2024,Q2,Month-5,Smartwatch,Japan,24928
2024,Q2,Month-6,Laptop,USA,16379
2024,Q2,Month-6,Laptop,UK,37751
2024,Q2,Month-6,Laptop,Germany,35546
2024,Q2,Month-6,Laptop,France,25286
2024,Q2,Month-6,Laptop,Japan,6110
2024,Q2,Month-6,Smartphone,USA,13087
2024,Q2,Month-6,Smartphone,UK,24762
2024,Q2,Month-6,Smartphone,Germany,18081
2024,Q2,Month-6,Smartphone,France,35947
2024,Q2,Month-6,Smartphone,Japan,10596
2024,Q2,Month-6,Tablet,USA,39019
2024,Q2,Month-6,Tablet,UK,43003
2024,Q2,Month-6,Tablet,Germany,19313
2024,Q2,Month-6,Tablet,France,48639
2024,Q2,Month-6,Tablet,Japan,2013
2024,Q2,Month-6,Headphones,USA,24705
2024,Q2,Month-6,Headphones,UK,2828
2024,Q2,Month-6,Headphones,Germany,8909
2024,Q2,Month-6,Headphones,France,39356
2024,Q2,Month-6,Headphones,Japan,14109
2024,Q2,Month-6,Smartwatch,USA,3023
2024,Q2,Month-6,Smartwatch,UK,15537
2024,Q2,Month-6,Smartwatch,Germany,27661
2024,Q2,Month-6,Smartwatch,France,39659
2024,Q2,Month-6,Smartwatch,Japan,34848
2024,Q2,Month-7,Laptop,USA,38804
2024,Q2,Month-7,Laptop,UK,16379
2024,Q2,Month-7,Laptop,Germany,28766
2024,Q2,Month-7,Laptop,France,44590
2024,Q2,Month-7,Laptop,Japan,3563
2024,Q2,Month-7,Smartphone,USA,37060
2024,Q2,Month-7,Smartphone,UK,30197
2024,Q2,Month-7,Smartphone,Germany,4586
2024,Q2,Month-7,Smartphone,France,17087
2024,Q2,Month-7,Smartphone,Japan,49868
2024,Q2,Month-7,Tablet,USA,24225
2024,Q2,Month-7,Tablet,UK,30750
2024,Q2,Month-7,Tablet,Germany,7643
2024,Q2,Month-7,Tablet,France,28523
2024,Q2,Month-7,Tablet,Japan,37727
2024,Q2,Month-7,Headphones,USA,12005
2024,Q2,Month-7,Headphones,UK,44543
2024,Q2,Month-7,Headphones,Germany,1161
2024,Q2,Month-7,Headphones,France,17029
2024,Q2,Month-7,Headphones,Japan,15226
2024,Q2,Month-7,Smartwatch,USA,29731
2024,Q2,Month-7,Smartwatch,UK,44922
2024,Q2,Month-7,Smartwatch,Germany,45848
2024,Q2,Month-7,Smartwatch,France,4390
2024,Q2,Month-7,Smartwatch,Japan,6997
2024,Q2,Month-8,Laptop,USA,13693
2024,Q2,Month-8,Laptop,UK,43092
2024,Q2,Month-8,Laptop,Germany,1541
2024,Q2,Month-8,Laptop,France,22817
2024,Q2,Month-8,Laptop,Japan,38861
2024,Q2,Month-8,Smartphone,USA,14428
2024,Q2,Month-8,Smartphone,UK,44934
2024,Q2,Month-8,Smartphone,Germany,49831
2024,Q2,Month-8,Smartphone,France,11258
2024,Q2,Month-8,Smartphone,Japan,17044
2024,Q2,Month-8,Tablet,USA,30411
2024,Q2,Month-8,Tablet,UK,6469
2024,Q2,Month-8,Tablet,Germany,29854
2024,Q2,Month-8,Tablet,France,7256
2024,Q2,Month-8,Tablet,Japan,11720
2024,Q2,Month-8,Headphones,USA,34937
2024,Q2,Month-8,Headphones,UK,34598
2024,Q2,Month-8,Headphones,Germany,2651
2024,Q2,Month-8,Headphones,France,20194
2024,Q2,Month-8,Headphones,Japan,26051
2024,Q2,Month-8,Smartwatch,USA,28386
2024,Q2,Month-8,Smartwatch,UK,10518
2024,Q2,Month-8,Smartwatch,Germany,47026
2024,Q2,Month-8,Smartwatch,France,17184
2024,Q2,Month-8,Smartwatch,Japan,34787
2024,Q2,Month-9,Laptop,USA,22621
2024,Q2,Month-9,Laptop,UK,11028
2024,Q2,Month-9,Laptop,Germany,13448
2024,Q2,Month-9,Laptop,France,46253
2024,Q2,Month-9,Laptop,Japan,35051
2024,Q2,Month-9,Smartphone,USA,31447
2024,Q2,Month-9,Smartphone,UK,19394
2024,Q2,Month-9,Smartphone,Germany,35501
2024,Q2,Month-9,Smartphone,France,31254
2024,Q2,Month-9,Smartphone,Japan,19509
2024,Q2,Month-9,Tablet,USA,49998
2024,Q2,Month-9,Tablet,UK,15472
2024,Q2,Month-9,Tablet,Germany,46657
2024,Q2,Month-9,Tablet,France,4471
2024,Q2,Month-9,Tablet,Japan,42796
2024,Q2,Month-9,Headphones,USA,31268
2024,Q2,Month-9,Headphones,UK,9329
2024,Q2,Month-9,Headphones,Germany,35865
2024,Q2,Month-9,Headphones,France,47850
2024,Q2,Month-9,Headphones,Japan,47698
2024,Q2,Month-9,Smartwatch,USA,29272
2024,Q2,Month-9,Smartwatch,UK,43845
2024,Q2,Month-9,Smartwatch,Germany,7397
2024,Q2,Month-9,Smartwatch,France,33373
2024,Q2,Month-9,Smartwatch,Japan,36525
2024,Q2,Month-10,Laptop,USA,25570
2024,Q2,Month-10,Laptop,UK,19284
2024,Q2,Month-10,Laptop,Germany,19994
2024,Q2,Month-10,Laptop,France,24284
2024,Q2,Month-10,Laptop,Japan,18833
2024,Q2,Month-10,Smartphone,USA,26122
2024,Q2,Month-10,Smartphone,UK,6017
2024,Q2,Month-10,Smartphone,Germany,17370
2024,Q2,Month-10,Smartphone,France,30252
2024,Q2,Month-10,Smartphone,Japan,8999
2024,Q2,Month-10,Tablet,USA,23436
2024,Q2,Month-10,Tablet,UK,43963
2024,Q2,Month-10,Tablet,Germany,3096
2024,Q2,Month-10,Tablet,France,49201
2024,Q2,Month-10,Tablet,Japan,26279
2024,Q2,Month-10,Headphones,USA,44363
2024,Q2,Month-10,Headphones,UK,49709
2024,Q2,Month-10,Headphones,Germany,27201
2024,Q2,Month-10,Headphones,France,20715
2024,Q2,Month-10,Headphones,Japan,30309
2024,Q2,Month-10,Smartwatch,USA,16078
2024,Q2,Month-10,Smartwatch,UK,6105
2024,Q2,Month-10,Smartwatch,Germany,30312
2024,Q2,Month-10,Smartwatch,France,3839
2024,Q2,Month-10,Smartwatch,Japan,4384
2024,Q2,Month-11,Laptop,USA,44619
2024,Q2,Month-11,Laptop,UK,43821
2024,Q2,Month-11,Laptop,Germany,14493
2024,Q2,Month-11,Laptop,France,18069
2024,Q2,Month-11,Laptop,Japan,47907
2024,Q2,Month-11,Smartphone,USA,8531
2024,Q2,Month-11,Smartphone,UK,38051
2024,Q2,Month-11,Smartphone,Germany,8736
2024,Q2,Month-11,Smartphone,France,8710
2024,Q2,Month-11,Smartphone,Japan,2619
2024,Q2,Month-11,Tablet,USA,14975
2024,Q2,Month-11,Tablet,UK,46603
2024,Q2,Month-11,Tablet,Germany,24252
2024,Q2,Month-11,Tablet,France,16261
2024,Q2,Month-11,Tablet,Japan,2431
2024,Q2,Month-11,Headphones,USA,10067
2024,Q2,Month-11,Headphones,UK,38481
2024,Q2,Month-11,Headphones,Germany,28037
2024,Q2,Month-11,Headphones,France,10557
2024,Q2,Month-11,Headphones,Japan,10435
2024,Q2,Month-11,Smartwatch,USA,38766
2024,Q2,Month-11,Smartwatch,UK,1162
2024,Q2,Month-11,Smartwatch,Germany,35742
2024,Q2,Month-11,Smartwatch,France,20675
2024,Q2,Month-11,Smartwatch,Japan,9461
2024,Q2,Month-12,Laptop,USA,18015
2024,Q2,Month-12,Laptop,UK,33591
2024,Q2,Month-12,Laptop,Germany,29047
2024,Q2,Month-12,Laptop,France,35782
2024,Q2,Month-12,Laptop,Japan,10833
2024,Q2,Month-12,Smartphone,USA,8896
2024,Q2,Month-12,Smartphone,UK,33972
2024,Q2,Month-12,Smartphone,Germany,42800
2024,Q2,Month-12,Smartphone,France,31508
2024,Q2,Month-12,Smartphone,Japan,6347
2024,Q2,Month-12,Tablet,USA,31314
2024,Q2,Month-12,Tablet,UK,3643
2024,Q2,Month-12,Tablet,Germany,41785
2024,Q2,Month-12,Tablet,France,19681
2024,Q2,Month-12,Tablet,Japan,39328
2024,Q2,Month-12,Headphones,USA,16892
2024,Q2,Month-12,Headphones,UK,48299
2024,Q2,Month-12,Headphones,Germany,18073
2024,Q2,Month-12,Headphones,France,37768
2024,Q2,Month-12,Headphones,Japan,31682
2024,Q2,Month-12,Smartwatch,USA,33262
2024,Q2,Month-12,Smartwatch,UK,32358
2024,Q2,Month-12,Smartwatch,Germany,15289
2024,Q2,Month-12,Smartwatch,France,8927
2024,Q2,Month-12,Smartwatch,Japan,49330
2024,Q3,Month-1,Laptop,USA,2171
2024,Q3,Month-1,Laptop,UK,12918
2024,Q3,Month-1,Laptop,Germany,42903
2024,Q3,Month-1,Laptop,France,40110
2024,Q3,Month-1,Laptop,Japan,12929
2024,Q3,Month-1,Smartphone,USA,3539
2024,Q3,Month-1,Smartphone,UK,37727
2024,Q3,Month-1,Smartphone,Germany,46951
2024,Q3,Month-1,Smartphone,France,23669
2024,Q3,Month-1,Smartphone,Japan,6432
2024,Q3,Month-1,Tablet,USA,21644
2024,Q3,Month-1,Tablet,UK,19745
2024,Q3,Month-1,Tablet,Germany,29228
2024,Q3,Month-1,Tablet,France,35521
2024,Q3,Month-1,Tablet,Japan,32703
2024,Q3,Month-1,Headphones,USA,27928
2024,Q3,Month-1,Headphones,UK,19322
2024,Q3,Month-1,Headphones,Germany,23360
2024,Q3,Month-1,Headphones,France,30055
2024,Q3,Month-1,Headphones,Japan,43891
2024,Q3,Month-1,Smartwatch,USA,17376
2024,Q3,Month-1,Smartwatch,UK,7588
2024,Q3,Month-1,Smartwatch,Germany,26000
2024,Q3,Month-1,Smartwatch,France,7304
2024,Q3,Month-1,Smartwatch,Japan,8345
2024,Q3,Month-2,Laptop,USA,30300
2024,Q3,Month-2,Laptop,UK,25259
2024,Q3,Month-2,Laptop,Germany,26470
2024,Q3,Month-2,Laptop,France,24017
2024,Q3,Month-2,Laptop,Japan,16352
2024,Q3,Month-2,Smartphone,USA,34365
2024,Q3,Month-2,Smartphone,UK,20446
2024,Q3,Month-2,Smartphone,Germany,3336
2024,Q3,Month-2,Smartphone,France,10879
2024,Q3,Month-2,Smartphone,Japan,33316
2024,Q3,Month-2,Tablet,USA,34340
2024,Q3,Month-2,Tablet,UK,8521
2024,Q3,Month-2,Tablet,Germany,7171
2024,Q3,Month-2,Tablet,France,24481
2024,Q3,Month-2,Tablet,Japan,19474
2024,Q3,Month-2,Headphones,USA,47760
2024,Q3,Month-2,Headphones,UK,45629
2024,Q3,Month-2,Headphones,Germany,46232
2024,Q3,Month-2,Headphones,France,22008
2024,Q3,Month-2,Headphones,Japan,2633
2024,Q3,Month-2,Smartwatch,USA,13485
2024,Q3,Month-2,Smartwatch,UK,44617
2024,Q3,Month-2,Smartwatch,Germany,4648
2024,Q3,Month-2,Smartwatch,France,48945
2024,Q3,Month-2,Smartwatch,Japan,14140
2024,Q3,Month-3,Laptop,USA,18921
2024,Q3,Month-3,Laptop,UK,15357
2024,Q3,Month-3,Laptop,Germany,47136
2024,Q3,Month-3,Laptop,France,4137
2024,Q3,Month-3,Laptop,Japan,1097
2024,Q3,Month-3,Smartphone,USA,12407
2024,Q3,Month-3,Smartphone,UK,31575
2024,Q3,Month-3,Smartphone,Germany,13722
2024,Q3,Month-3,Smartphone,France,13924
2024,Q3,Month-3,Smartphone,Japan,4750
2024,Q3,Month-3,Tablet,USA,28733
2024,Q3,Month-3,Tablet,UK,9535
2024,Q3,Month-3,Tablet,Germany,25487
2024,Q3,Month-3,Tablet,France,31651
2024,Q3,Month-3,Tablet,Japan,5666
2024,Q3,Month-3,Headphones,USA,49777
2024,Q3,Month-3,Headphones,UK,17994
2024,Q3,Month-3,Headphones,Germany,2727
2024,Q3,Month-3,Headphones,France,35622
2024,Q3,Month-3,Headphones,Japan,11800
2024,Q3,Month-3,Smartwatch,USA,38823
2024,Q3,Month-3,Smartwatch,UK,44039
2024,Q3,Month-3,Smartwatch,Germany,19708
2024,Q3,Month-3,Smartwatch,France,13819
2024,Q3,Month-3,Smartwatch,Japan,10369
2024,Q3,Month-4,Laptop,USA,10283
2024,Q3,Month-4,Laptop,UK,31573
2024,Q3,Month-4,Laptop,Germany,14171
2024,Q3,Month-4,Laptop,France,31933
2024,Q3,Month-4,Laptop,Japan,6774
2024,Q3,Month-4,Smartphone,USA,7519
2024,Q3,Month-4,Smartphone,UK,11983
2024,Q3,Month-4,Smartphone,Germany,31932
2024,Q3,Month-4,Smartphone,France,31798
2024,Q3,Month-4,Smartphone,Japan,19133
2024,Q3,Month-4,Tablet,USA,15939
2024,Q3,Month-4,Tablet,UK,1781
2024,Q3,Month-4,Tablet,Germany,28624
2024,Q3,Month-4,Tablet,France,7823
2024,Q3,Month-4,Tablet,Japan,19489
2024,Q3,Month-4,Headphones,USA,40961
2024,Q3,Month-4,Headphones,UK,30118
2024,Q3,Month-4,Headphones,Germany,35881
2024,Q3,Month-4,Headphones,France,17280
2024,Q3,Month-4,Headphones,Japan,23263
2024,Q3,Month-4,Smartwatch,USA,14565
2024,Q3,Month-4,Smartwatch,UK,21354
2024,Q3,Month-4,Smartwatch,Germany,43951
2024,Q3,Month-4,Smartwatch,France,26643
2024,Q3,Month-4,Smartwatch,Japan,24648
2024,Q3,Month-5,Laptop,USA,42971
2024,Q3,Month-5,Laptop,UK,19658
2024,Q3,Month-5,Laptop,Germany,22253
2024,Q3,Month-5,Laptop,France,49563
2024,Q3,Month-5,Laptop,Japan,27390
2024,Q3,Month-5,Smartphone,USA,24128
2024,Q3,Month-5,Smartphone,UK,14489
2024,Q3,Month-5,Smartphone,Germany,39314
2024,Q3,Month-5,Smartphone,France,33658
2024,Q3,Month-5,Smartphone,Japan,7852
2024,Q3,Month-5,Tablet,USA,30450
2024,Q3,Month-5,Tablet,UK,3551
2024,Q3,Month-5,Tablet,Germany,7411
2024,Q3,Month-5,Tablet,France,34243
2024,Q3,Month-5,Tablet,Japan,22800
2024,Q3,Month-5,Headphones,USA,11403
2024,Q3,Month-5,Headphones,UK,8239
2024,Q3,Month-5,Headphones,Germany,7710
2024,Q3,Month-5,Headphones,France,22384
2024,Q3,Month-5,Headphones,Japan,22038
2024,Q3,Month-5,Smartwatch,USA,41846
2024,Q3,Month-5,Smartwatch,UK,23447
2024,Q3,Month-5,Smartwatch,Germany,3285
2024,Q3,Month-5,Smartwatch,France,38991
2024,Q3,Month-5,Smartwatch,Japan,14521
2024,Q3,Month-6,Laptop,USA,48657
2024,Q3,Month-6,Laptop,UK,7971
2024,Q3,Month-6,Laptop,Germany,30139
2024,Q3,Month-6,Laptop,France,20909
2024,Q3,Month-6,Laptop,Japan,12531
2024,Q3,Month-6,Smartphone,USA,15721
2024,Q3,Month-6,Smartphone,UK,20206
2024,Q3,Month-6,Smartphone,Germany,38711
2024,Q3,Month-6,Smartphone,France,7530
2024,Q3,Month-6,Smartphone,Japan,12116
2024,Q3,Month-6,Tablet,USA,1258
2024,Q3,Month-6,Tablet,UK,1282
2024,Q3,Month-6,Tablet,Germany,14937
2024,Q3,Month-6,Tablet,France,2898
2024,Q3,Month-6,Tablet,Japan,5135
2024,Q3,Month-6,Headphones,USA,7629
2024,Q3,Month-6,Headphones,UK,44936
2024,Q3,Month-6,Headphones,Germany,20584
2024,Q3,Month-6,Headphones,France,24551
2024,Q3,Month-6,Headphones,Japan,34380
2024,Q3,Month-6,Smartwatch,USA,47971
2024,Q3,Month-6,Smartwatch,UK,18071
2024,Q3,Month-6,Smartwatch,Germany,21074
2024,Q3,Month-6,Smartwatch,France,26188
2024,Q3,Month-6,Smartwatch,Japan,3307
2024,Q3,Month-7,Laptop,USA,40901
2024,Q3,Month-7,Laptop,UK,12205
2024,Q3,Month-7,Laptop,Germany,6906
2024,Q3,Month-7,Laptop,France,3591
2024,Q3,Month-7,Laptop,Japan,16149
2024,Q3,Month-7,Smartphone,USA,45918
2024,Q3,Month-7,Smartphone,UK,40951
2024,Q3,Month-7,Smartphone,Germany,26150
2024,Q3,Month-7,Smartphone,France,32852
2024,Q3,Month-7,Smartphone,Japan,43870
2024,Q3,Month-7,Tablet,USA,2283
2024,Q3,Month-7,Tablet,UK,34691
2024,Q3,Month-7,Tablet,Germany,2125
2024,Q3,Month-7,Tablet,France,2529
2024,Q3,Month-7,Tablet,Japan,27170
2024,Q3,Month-7,Headphones,USA,9438
2024,Q3,Month-7,Headphones,UK,21095
2024,Q3,Month-7,Headphones,Germany,17154
2024,Q3,Month-7,Headphones,France,9004
2024,Q3,Month-7,Headphones,Japan,10752
2024,Q3,Month-7,Smartwatch,USA,44360
2024,Q3,Month-7,Smartwatch,UK,27819
2024,Q3,Month-7,Smartwatch,Germany,37632
2024,Q3,Month-7,Smartwatch,France,27515
2024,Q3,Month-7,Smartwatch,Japan,25217
2024,Q3,Month-8,Laptop,USA,24172
2024,Q3,Month-8,Laptop,UK,33994
2024,Q3,Month-8,Laptop,Germany,16036
2024,Q3,Month-8,Laptop,France,12739
2024,Q3,Month-8,Laptop,Japan,33220
2024,Q3,Month-8,Smartphone,USA,10587
2024,Q3,Month-8,Smartphone,UK,45517
2024,Q3,Month-8,Smartphone,Germany,31129
2024,Q3,Month-8,Smartphone,France,1645
2024,Q3,Month-8,Smartphone,Japan,31930
2024,Q3,Month-8,Tablet,USA,17299
2024,Q3,Month-8,Tablet,UK,31090
2024,Q3,Month-8,Tablet,Germany,22953
2024,Q3,Month-8,Tablet,France,47443
2024,Q3,Month-8,Tablet,Japan,27475
2024,Q3,Month-8,Headphones,USA,19888
2024,Q3,Month-8,Headphones,UK,44732
2024,Q3,Month-8,Headphones,Germany,17087
2024,Q3,Month-8,Headphones,France,47305
2024,Q3,Month-8,Headphones,Japan,47037
2024,Q3,Month-8,Smartwatch,USA,10346
2024,Q3,Month-8,Smartwatch,UK,1587
2024,Q3,Month-8,Smartwatch,Germany,13763
2024,Q3,Month-8,Smartwatch,France,42945
2024,Q3,Month-8,Smartwatch,Japan,5079
2024,Q3,Month-9,Laptop,USA,37116
2024,Q3,Month-9,Laptop,UK,21215
2024,Q3,Month-9,Laptop,Germany,26817
2024,Q3,Month-9,Laptop,France,25765
2024,Q3,Month-9,Laptop,Japan,31112
2024,Q3,Month-9,Smartphone,USA,26556
2024,Q3,Month-9,Smartphone,UK,19099
2024,Q3,Month-9,Smartphone,Germany,44553
2024,Q3,Month-9,Smartphone,France,46096
2024,Q3,Month-9,Smartphone,Japan,7450
2024,Q3,Month-9,Tablet,USA,14230
2024,Q3,Month-9,Tablet,UK,30009
2024,Q3,Month-9,Tablet,Germany,6433
2024,Q3,Month-9,Tablet,France,34866
2024,Q3,Month-9,Tablet,Japan,40864
2024,Q3,Month-9,Headphones,USA,19710
2024,Q3,Month-9,Headphones,UK,12439
2024,Q3,Month-9,Headphones,Germany,42855
2024,Q3,Month-9,Headphones,France,17021
2024,Q3,Month-9,Headphones,Japan,7416
2024,Q3,Month-9,Smartwatch,USA,7980
2024,Q3,Month-9,Smartwatch,UK,19058
2024,Q3,Month-9,Smartwatch,Germany,12101
2024,Q3,Month-9,Smartwatch,France,41718
2024,Q3,Month-9,Smartwatch,Japan,33602
2024,Q3,Month-10,Laptop,USA,10122
2024,Q3,Month-10,Laptop,UK,13576
2024,Q3,Month-10,Laptop,Germany,28516
2024,Q3,Month-10,Laptop,France,23433
2024,Q3,Month-10,Laptop,Japan,2089
2024,Q3,Month-10,Smartphone,USA,38346
2024,Q3,Month-10,Smartphone,UK,10127
2024,Q3,Month-10,Smartphone,Germany,11487
2024,Q3,Month-10,Smartphone,France,1155
2024,Q3,Month-10,Smartphone,Japan,2958
2024,Q3,Month-10,Tablet,USA,11693
2024,Q3,Month-10,Tablet,UK,40112
2024,Q3,Month-10,Tablet,Germany,39547
2024,Q3,Month-10,Tablet,France,29795
2024,Q3,Month-10,Tablet,Japan,22447
2024,Q3,Month-10,Headphones,USA,37598
2024,Q3,Month-10,Headphones,UK,42814
2024,Q3,Month-10,Headphones,Germany,26215
2024,Q3,Month-10,Headphones,France,10794
2024,Q3,Month-10,Headphones,Japan,34209
2024,Q3,Month-10,Smartwatch,USA,23424
2024,Q3,Month-10,Smartwatch,UK,48246
2024,Q3,Month-10,Smartwatch,Germany,38396
2024,Q3,Month-10,Smartwatch,France,7370
2024,Q3,Month-10,Smartwatch,Japan,10528
2024,Q3,Month-11,Laptop,USA,29276
2024,Q3,Month-11,Laptop,UK,45333
2024,Q3,Month-11,Laptop,Germany,9179
2024,Q3,Month-11,Laptop,France,49781
2024,Q3,Month-11,Laptop,Japan,17843
2024,Q3,Month-11,Smartphone,USA,24952
2024,Q3,Month-11,Smartphone,UK,34160
2024,Q3,Month-11,Smartphone,Germany,45898
2024,Q3,Month-11,Smartphone,France,30516
2024,Q3,Month-11,Smartphone,Japan,11449
2024,Q3,Month-11,Tablet,USA,22125
2024,Q3,Month-11,Tablet,UK,8418
2024,Q3,Month-11,Tablet,Germany,23746
2024,Q3,Month-11,Tablet,France,3454
2024,Q3,Month-11,Tablet,Japan,18761
2024,Q3,Month-11,Headphones,USA,16223
2024,Q3,Month-11,Headphones,UK,7701
2024,Q3,Month-11,Headphones,Germany,3597
2024,Q3,Month-11,Headphones,France,1141
2024,Q3,Month-11,Headphones,Japan,3659
2024,Q3,Month-11,Smartwatch,USA,21980
2024,Q3,Month-11,Smartwatch,UK,10031
2024,Q3,Month-11,Smartwatch,Germany,16037
2024,Q3,Month-11,Smartwatch,France,47738
2024,Q3,Month-11,Smartwatch,Japan,39429
2024,Q3,Month-12,Laptop,USA,7142
2024,Q3,Month-12,Laptop,UK,13109
2024,Q3,Month-12,Laptop,Germany,23010
2024,Q3,Month-12,Laptop,France,9787
2024,Q3,Month-12,Laptop,Japan,43864
2024,Q3,Month-12,Smartphone,USA,9472
2024,Q3,Month-12,Smartphone,UK,24383
2024,Q3,Month-12,Smartphone,Germany,5249
2024,Q3,Month-12,Smartphone,France,48717
2024,Q3,Month-12,Smartphone,Japan,35518
2024,Q3,Month-12,Tablet,USA,19351
2024,Q3,Month-12,Tablet,UK,5088
2024,Q3,Month-12,Tablet,Germany,16282
2024,Q3,Month-12,Tablet,France,20330
2024,Q3,Month-12,Tablet,Japan,43409
2024,Q3,Month-12,Headphones,USA,22778
2024,Q3,Month-12,Headphones,UK,25264
2024,Q3,Month-12,Headphones,Germany,6075
2024,Q3,Month-12,Headphones,France,11412
2024,Q3,Month-12,Headphones,Japan,49454
2024,Q3,Month-12,Smartwatch,USA,29365
2024,Q3,Month-12,Smartwatch,UK,8230
2024,Q3,Month-12,Smartwatch,Germany,49200
2024,Q3,Month-12,Smartwatch,France,12002
2024,Q3,Month-12,Smartwatch,Japan,14947
2024,Q4,Month-1,Laptop,USA,14686
2024,Q4,Month-1,Laptop,UK,30304
2024,Q4,Month-1,Laptop,Germany,14074
2024,Q4,Month-1,Laptop,France,5493
2024,Q4,Month-1,Laptop,Japan,35228
2024,Q4,Month-1,Smartphone,USA,15140
2024,Q4,Month-1,Smartphone,UK,32655
2024,Q4,Month-1,Smartphone,Germany,44472
2024,Q4,Month-1,Smartphone,France,7816
2024,Q4,Month-1,Smartphone,Japan,12639
2024,Q4,Month-1,Tablet,USA,48192
2024,Q4,Month-1,Tablet,UK,47733
2024,Q4,Month-1,Tablet,Germany,30492
2024,Q4,Month-1,Tablet,France,12240
2024,Q4,Month-1,Tablet,Japan,33698
2024,Q4,Month-1,Headphones,USA,27957
2024,Q4,Month-1,Headphones,UK,33808
2024,Q4,Month-1,Headphones,Germany,6827
2024,Q4,Month-1,Headphones,France,33762
2024,Q4,Month-1,Headphones,Japan,9259
2024,Q4,Month-1,Smartwatch,USA,15849
2024,Q4,Month-1,Smartwatch,UK,17232
2024,Q4,Month-1,Smartwatch,Germany,41572
2024,Q4,Month-1,Smartwatch,France,25173
2024,Q4,Month-1,Smartwatch,Japan,6374
2024,Q4,Month-2,Laptop,USA,22174
2024,Q4,Month-2,Laptop,UK,24567
2024,Q4,Month-2,Laptop,Germany,36292
2024,Q4,Month-2,Laptop,France,10277
2024,Q4,Month-2,Laptop,Japan,32600
2024,Q4,Month-2,Smartphone,USA,10885
2024,Q4,Month-2,Smartphone,UK,1778
2024,Q4,Month-2,Smartphone,Germany,30165
2024,Q4,Month-2,Smartphone,France,2492
2024,Q4,Month-2,Smartphone,Japan,31462
2024,Q4,Month-2,Tablet,USA,14615
2024,Q4,Month-2,Tablet,UK,45900
2024,Q4,Month-2,Tablet,Germany,43946
2024,Q4,Month-2,Tablet,France,8851
2024,Q4,Month-2,Tablet,Japan,17288
2024,Q4,Month-2,Headphones,USA,8156
2024,Q4,Month-2,Headphones,UK,3044
2024,Q4,Month-2,Headphones,Germany,8368
2024,Q4,Month-2,Headphones,France,20900
2024,Q4,Month-2,Headphones,Japan,31600
2024,Q4,Month-2,Smartwatch,USA,47403
2024,Q4,Month-2,Smartwatch,UK,26634
2024,Q4,Month-2,Smartwatch,Germany,10168
2024,Q4,Month-2,Smartwatch,France,21961
2024,Q4,Month-2,Smartwatch,Japan,45096
2024,Q4,Month-3,Laptop,USA,47087
2024,Q4,Month-3,Laptop,UK,24852
2024,Q4,Month-3,Laptop,Germany,34110
2024,Q4,Month-3,Laptop,France,33174
2024,Q4,Month-3,Laptop,Japan,35215
2024,Q4,Month-3,Smartphone,USA,27955
2024,Q4,Month-3,Smartphone,UK,7581
2024,Q4,Month-3,Smartphone,Germany,45619
2024,Q4,Month-3,Smartphone,France,7317
2024,Q4,Month-3,Smartphone,Japan,43856
2024,Q4,Month-3,Tablet,USA,46714
2024,Q4,Month-3,Tablet,UK,27649
2024,Q4,Month-3,Tablet,Germany,24132
2024,Q4,Month-3,Tablet,France,17789
2024,Q4,Month-3,Tablet,Japan,15567
2024,Q4,Month-3,Headphones,USA,15868
2024,Q4,Month-3,Headphones,UK,25370
2024,Q4,Month-3,Headphones,Germany,43533
2024,Q4,Month-3,Headphones,France,31483
2024,Q4,Month-3,Headphones,Japan,13466
2024,Q4,Month-3,Smartwatch,USA,29803
2024,Q4,Month-3,Smartwatch,UK,19230
2024,Q4,Month-3,Smartwatch,Germany,18862
2024,Q4,Month-3,Smartwatch,France,44355
2024,Q4,Month-3,Smartwatch,Japan,32259
2024,Q4,Month-4,Laptop,USA,34539
2024,Q4,Month-4,Laptop,UK,22909
2024,Q4,Month-4,Laptop,Germany,31795
2024,Q4,Month-4,Laptop,France,9770
2024,Q4,Month-4,Laptop,Japan,12093
2024,Q4,Month-4,Smartphone,USA,47571
2024,Q4,Month-4,Smartphone,UK,1193
2024,Q4,Month-4,Smartphone,Germany,35775
2024,Q4,Month-4,Smartphone,France,18569
2024,Q4,Month-4,Smartphone,Japan,12190
2024,Q4,Month-4,Tablet,USA,43752
2024,Q4,Month-4,Tablet,UK,33327
2024,Q4,Month-4,Tablet,Germany,43070
2024,Q4,Month-4,Tablet,France,21389
2024,Q4,Month-4,Tablet,Japan,41197
2024,Q4,Month-4,Headphones,USA,3261
2024,Q4,Month-4,Headphones,UK,29369
2024,Q4,Month-4,Headphones,Germany,27512
2024,Q4,Month-4,Headphones,France,7716
2024,Q4,Month-4,Headphones,Japan,22259
2024,Q4,Month-4,Smartwatch,USA,29933
2024,Q4,Month-4,Smartwatch,UK,42689
2024,Q4,Month-4,Smartwatch,Germany,5378
2024,Q4,Month-4,Smartwatch,France,41583
2024,Q4,Month-4,Smartwatch,Japan,47546
2024,Q4,Month-5,Laptop,USA,20835
2024,Q4,Month-5,Laptop,UK,30033
2024,Q4,Month-5,Laptop,Germany,25000
2024,Q4,Month-5,Laptop,France,46496
2024,Q4,Month-5,Laptop,Japan,11332
2024,Q4,Month-5,Smartphone,USA,43604
2024,Q4,Month-5,Smartphone,UK,3800
2024,Q4,Month-5,Smartphone,Germany,30538
2024,Q4,Month-5,Smartphone,France,31119
2024,Q4,Month-5,Smartphone,Japan,9333
2024,Q4,Month-5,Tablet,USA,6410
2024,Q4,Month-5,Tablet,UK,18839
2024,Q4,Month-5,Tablet,Germany,31519
2024,Q4,Month-5,Tablet,France,6808
2024,Q4,Month-5,Tablet,Japan,7796
2024,Q4,Month-5,Headphones,USA,22180
2024,Q4,Month-5,Headphones,UK,44056
2024,Q4,Month-5,Headphones,Germany,18709
2024,Q4,Month-5,Headphones,France,18543
2024,Q4,Month-5,Headphones,Japan,38418
2024,Q4,Month-5,Smartwatch,USA,30075
2024,Q4,Month-5,Smartwatch,UK,38755
2024,Q4,Month-5,Smartwatch,Germany,48968
2024,Q4,Month-5,Smartwatch,France,38465
2024,Q4,Month-5,Smartwatch,Japan,31502
2024,Q4,Month-6,Laptop,USA,17724
2024,Q4,Month-6,Laptop,UK,4828
2024,Q4,Month-6,Laptop,Germany,18087
2024,Q4,Month-6,Laptop,France,13605
2024,Q4,Month-6,Laptop,Japan,32337
2024,Q4,Month-6,Smartphone,USA,6482
2024,Q4,Month-6,Smartphone,UK,28005
2024,Q4,Month-6,Smartphone,Germany,23760
2024,Q4,Month-6,Smartphone,France,6463
2024,Q4,Month-6,Smartphone,Japan,47628
2024,Q4,Month-6,Tablet,USA,5912
2024,Q4,Month-6,Tablet,UK,5648
2024,Q4,Month-6,Tablet,Germany,34623
2024,Q4,Month-6,Tablet,France,36634
2024,Q4,Month-6,Tablet,Japan,45602
2024,Q4,Month-6,Headphones,USA,4112
2024,Q4,Month-6,Headphones,UK,23054
2024,Q4,Month-6,Headphones,Germany,5492
2024,Q4,Month-6,Headphones,France,23207
2024,Q4,Month-6,Headphones,Japan,16114
2024,Q4,Month-6,Smartwatch,USA,35285
2024,Q4,Month-6,Smartwatch,UK,17018
2024,Q4,Month-6,Smartwatch,Germany,22386
2024,Q4,Month-6,Smartwatch,France,18740
2024,Q4,Month-6,Smartwatch,Japan,45199
2024,Q4,Month-7,Laptop,USA,9210
2024,Q4,Month-7,Laptop,UK,45363
2024,Q4,Month-7,Laptop,Germany,46639
2024,Q4,Month-7,Laptop,France,13743
2024,Q4,Month-7,Laptop,Japan,43092
2024,Q4,Month-7,Smartphone,USA,45299
2024,Q4,Month-7,Smartphone,UK,7588
2024,Q4,Month-7,Smartphone,Germany,4311
2024,Q4,Month-7,Smartphone,France,23432
2024,Q4,Month-7,Smartphone,Japan,34755
2024,Q4,Month-7,Tablet,USA,4321
2024,Q4,Month-7,Tablet,UK,16812
2024,Q4,Month-7,Tablet,Germany,38383
2024,Q4,Month-7,Tablet,France,49280
2024,Q4,Month-7,Tablet,Japan,14146
2024,Q4,Month-7,Headphones,USA,14654
2024,Q4,Month-7,Headphones,UK,36820
2024,Q4,Month-7,Headphones,Germany,1726
2024,Q4,Month-7,Headphones,France,4760
2024,Q4,Month-7,Headphones,Japan,23190
2024,Q4,Month-7,Smartwatch,USA,2875
2024,Q4,Month-7,Smartwatch,UK,24377
2024,Q4,Month-7,Smartwatch,Germany,47737
2024,Q4,Month-7,Smartwatch,France,5033
2024,Q4,Month-7,Smartwatch,Japan,39211
2024,Q4,Month-8,Laptop,USA,18373
2024,Q4,Month-8,Laptop,UK,4744
2024,Q4,Month-8,Laptop,Germany,25995
2024,Q4,Month-8,Laptop,France,17977
2024,Q4,Month-8,Laptop,Japan,33402
2024,Q4,Month-8,Smartphone,USA,35542
2024,Q4,Month-8,Smartphone,UK,11651
2024,Q4,Month-8,Smartphone,Germany,34703
2024,Q4,Month-8,Smartphone,France,14395
2024,Q4,Month-8,Smartphone,Japan,30808
2024,Q4,Month-8,Tablet,USA,37576
2024,Q4,Month-8,Tablet,UK,17715
2024,Q4,Month-8,Tablet,Germany,45409
2024,Q4,Month-8,Tablet,France,25306
2024,Q4,Month-8,Tablet,Japan,20086
2024,Q4,Month-8,Headphones,USA,15376
2024,Q4,Month-8,Headphones,UK,6889
2024,Q4,Month-8,Headphones,Germany,38822
2024,Q4,Month-8,Headphones,France,37636
2024,Q4,Month-8,Headphones,Japan,21584
2024,Q4,Month-8,Smartwatch,USA,35610
2024,Q4,Month-8,Smartwatch,UK,11058
2024,Q4,Month-8,Smartwatch,Germany,10101
2024,Q4,Month-8,Smartwatch,France,13497
2024,Q4,Month-8,Smartwatch,Japan,5658
2024,Q4,Month-9,Laptop,USA,12381
2024,Q4,Month-9,Laptop,UK,41312
2024,Q4,Month-9,Laptop,Germany,41486
2024,Q4,Month-9,Laptop,France,47619
2024,Q4,Month-9,Laptop,Japan,18154
2024,Q4,Month-9,Smartphone,USA,20539
2024,Q4,Month-9,Smartphone,UK,12777
2024,Q4,Month-9,Smartphone,Germany,35396
2024,Q4,Month-9,Smartphone,France,31373
2024,Q4,Month-9,Smartphone,Japan,34154
2024,Q4,Month-9,Tablet,USA,7031
2024,Q4,Month-9,Tablet,UK,28997
2024,Q4,Month-9,Tablet,Germany,7439
2024,Q4,Month-9,Tablet,France,23785
2024,Q4,Month-9,Tablet,Japan,14392
2024,Q4,Month-9,Headphones,USA,29669
2024,Q4,Month-9,Headphones,UK,29939
2024,Q4,Month-9,Headphones,Germany,3282
2024,Q4,Month-9,Headphones,France,35624
2024,Q4,Month-9,Headphones,Japan,49438
2024,Q4,Month-9,Smartwatch,USA,25364
2024,Q4,Month-9,Smartwatch,UK,2998
2024,Q4,Month-9,Smartwatch,Germany,32705
2024,Q4,Month-9,Smartwatch,France,39244
2024,Q4,Month-9,Smartwatch,Japan,10428
2024,Q4,Month-10,Laptop,USA,38437
2024,Q4,Month-10,Laptop,UK,13336
2024,Q4,Month-10,Laptop,Germany,10342
2024,Q4,Month-10,Laptop,France,40832
2024,Q4,Month-10,Laptop,Japan,8446
2024,Q4,Month-10,Smartphone,USA,39392
2024,Q4,Month-10,Smartphone,UK,8461
2024,Q4,Month-10,Smartphone,Germany,35587
2024,Q4,Month-10,Smartphone,France,11516
2024,Q4,Month-10,Smartphone,Japan,14749
2024,Q4,Month-10,Tablet,USA,18514
2024,Q4,Month-10,Tablet,UK,36426
2024,Q4,Month-10,Tablet,Germany,37268
2024,Q4,Month-10,Tablet,France,25950
2024,Q4,Month-10,Tablet,Japan,35888
2024,Q4,Month-10,Headphones,USA,37788
2024,Q4,Month-10,Headphones,UK,11213
2024,Q4,Month-10,Headphones,Germany,37027
2024,Q4,Month-10,Headphones,France,29011
2024,Q4,Month-10,Headphones,Japan,43849
2024,Q4,Month-10,Smartwatch,USA,35591
2024,Q4,Month-10,Smartwatch,UK,18858
2024,Q4,Month-10,Smartwatch,Germany,19626
2024,Q4,Month-10,Smartwatch,France,14467
2024,Q4,Month-10,Smartwatch,Japan,40758
2024,Q4,Month-11,Laptop,USA,4134
2024,Q4,Month-11,Laptop,UK,17743
2024,Q4,Month-11,Laptop,Germany,16434
2024,Q4,Month-11,Laptop,France,48775
2024,Q4,Month-11,Laptop,Japan,11233
2024,Q4,Month-11,Smartphone,USA,2141
2024,Q4,Month-11,Smartphone,UK,19019
2024,Q4,Month-11,Smartphone,Germany,21384
2024,Q4,Month-11,Smartphone,France,43903
2024,Q4,Month-11,Smartphone,Japan,46734
2024,Q4,Month-11,Tablet,USA,37129
2024,Q4,Month-11,Tablet,UK,23967
2024,Q4,Month-11,Tablet,Germany,41603
2024,Q4,Month-11,Tablet,France,12172
2024,Q4,Month-11,Tablet,Japan,17390
2024,Q4,Month-11,Headphones,USA,4267
2024,Q4,Month-11,Headphones,UK,40332
2024,Q4,Month-11,Headphones,Germany,27167
2024,Q4,Month-11,Headphones,France,22312
2024,Q4,Month-11,Headphones,Japan,28840
2024,Q4,Month-11,Smartwatch,USA,19990
2024,Q4,Month-11,Smartwatch,UK,45179
2024,Q4,Month-11,Smartwatch,Germany,6906
2024,Q4,Month-11,Smartwatch,France,49796
2024,Q4,Month-11,Smartwatch,Japan,41379
2024,Q4,Month-12,Laptop,USA,18297
2024,Q4,Month-12,Laptop,UK,3011
2024,Q4,Month-12,Laptop,Germany,45014
2024,Q4,Month-12,Laptop,France,47558
2024,Q4,Month-12,Laptop,Japan,12738
2024,Q4,Month-12,Smartphone,USA,29797
2024,Q4,Month-12,Smartphone,UK,48498
2024,Q4,Month-12,Smartphone,Germany,12120
2024,Q4,Month-12,Smartphone,France,9767
2024,Q4,Month-12,Smartphone,Japan,23852
2024,Q4,Month-12,Tablet,USA,14703
2024,Q4,Month-12,Tablet,UK,1929
2024,Q4,Month-12,Tablet,Germany,12951
2024,Q4,Month-12,Tablet,France,27039
2024,Q4,Month-12,Tablet,Japan,49613
2024,Q4,Month-12,Headphones,USA,30504
2024,Q4,Month-12,Headphones,UK,18438
2024,Q4,Month-12,Headphones,Germany,49515
2024,Q4,Month-12,Headphones,France,6744
2024,Q4,Month-12,Headphones,Japan,19284
2024,Q4,Month-12,Smartwatch,USA,43417
2024,Q4,Month-12,Smartwatch,UK,40748
2024,Q4,Month-12,Smartwatch,Germany,8069
2024,Q4,Month-12,Smartwatch,France,43359
2024,Q4,Month-12,Smartwatch,Japan,20799
